index,Country Name,Country Code,Year,PM25_AirPollution,Population_Density,Political_Stability_Index,Tertiary_School_Enrollment,Health_Expenditure_Per_Capita,Life_Expectancy,Urban_Population_Rate
3,Afghanistan,AFG,2003 [YR2003],64.1762314183241,34.8543443263879,-2.19837236404419,1.37434995174408,17.74602509,57.171,19.1600346409089
4,Afghanistan,AFG,2004 [YR2004],63.8266086780653,36.1232295355933,-2.29568219184875,1.39064002037048,21.42300415,57.81,19.3993593959593
9,Afghanistan,AFG,2009 [YR2009],51.0014373086482,42.1110666482682,-2.71142148971558,3.93815994262695,43.13351822,60.248,21.6885475109053
11,Afghanistan,AFG,2011 [YR2011],61.8170559083924,44.9959492816951,-2.50205969810486,3.68686008453369,52.18721771,61.25,22.8205691572485
14,Afghanistan,AFG,2014 [YR2014],77.1437275538632,50.2775447311531,-2.41106843948364,8.39764022827148,60.04951096,62.26,24.1910166387726
18,Afghanistan,AFG,2018 [YR2018],67.2271774798558,56.3344817012404,-2.75344133377075,9.99592018127441,71.22509003,62.443,24.9991645191406
65,Albania,ALB,2002 [YR2002],22.4827851202514,111.350729927007,-0.297719180583954,16.3895606994629,78.72909546,75.299,43.1520419609419
66,Albania,ALB,2003 [YR2003],22.5934493496412,110.934890510949,-0.309780240058899,16.3662395477295,105.43667603,75.557,44.0295089223208
67,Albania,ALB,2004 [YR2004],22.6759229494045,110.472226277372,-0.427259683609009,19.1295795440674,136.50724792,75.951,44.9784925669394
68,Albania,ALB,2005 [YR2005],22.7081299710953,109.908284671533,-0.505047976970673,22.389009475708,149.97515869,76.427,45.9937666920583
69,Albania,ALB,2006 [YR2006],22.5109695957413,109.21704379562,-0.508157312870026,26.2101001739502,164.22090149,76.994,47.0701050949378
70,Albania,ALB,2007 [YR2007],22.0412299650015,108.394781021898,-0.203974649310112,30.2319297790527,209.31910706,77.691,48.2022815728384
71,Albania,ALB,2008 [YR2008],21.4806685713767,107.566204379562,-0.0305009130388498,31.6839599609375,237.10340881,78.248,49.3850699230207
72,Albania,ALB,2009 [YR2009],21.0110429073679,106.843759124088,-0.0451405122876167,32.9239883422852,236.94244385,78.509,50.6132439427449
73,Albania,ALB,2010 [YR2010],20.8141104654758,106.314635036496,-0.191482901573181,43.3279304504395,253.98246765,78.414,51.8815774292716
74,Albania,ALB,2011 [YR2011],22.7999042481871,106.02901459854,-0.282379418611526,49.3997040639925,273.75292969,78.303,53.2917382892465
75,Albania,ALB,2012 [YR2012],20.9627204112539,104.405401459854,-0.143631592392921,58.6214186004979,260.68319702,78.084,53.8637553661449
76,Albania,ALB,2013 [YR2013],19.4075322522058,102.806642335766,0.0919297859072685,63.8440585382953,276.0765686,77.995,54.2979678058548
77,Albania,ALB,2014 [YR2014],19.3679442180935,101.232372262774,0.485986232757568,65.5507096860696,293.1267395,78.029,54.7325813178673
78,Albania,ALB,2015 [YR2015],19.121557306579,99.6822262773723,0.341639041900635,61.9608485481051,253.93347168,78.358,55.1579291374894
79,Albania,ALB,2016 [YR2016],17.602163992984,98.155802919708,0.337447881698608,58.4884791901189,275.43676758,78.643,55.5738734464276
80,Albania,ALB,2017 [YR2017],18.5552438171978,96.6527372262774,0.373770743608475,58.0177836674929,295.52346802,78.9,55.980276426546
81,Albania,ALB,2018 [YR2018],19.0461862321065,95.1727372262774,0.366779267787933,56.0802964109938,349.21127319,79.238,56.377000259892
82,Albania,ALB,2019 [YR2019],15.70470712234,93.7153649635036,0.11010505259037,61.4085141527142,366.34014893,79.467,56.7639071287255
86,Algeria,DZA,2002 [YR2002],27.867944303466,13.3309408247752,-1.63456511497498,16.9754199981689,66.681633,71.644,61.3812658601162
87,Algeria,DZA,2003 [YR2003],27.5018984382489,13.5093746588628,-1.75440907478333,18.211820602417,75.9513092,71.906,62.1427907986812
88,Algeria,DZA,2004 [YR2004],27.0945424726476,13.6993483755574,-1.35918843746185,18.8709297180176,92.6876297,72.536,62.9023132048725
89,Algeria,DZA,2005 [YR2005],26.7066258097118,13.9012860345798,-0.913666009902954,20.7098693847656,100.83694458,72.836,63.6598541890144
90,Algeria,DZA,2006 [YR2006],26.3355700886845,14.1172025493967,-1.1264134645462,21.3458003997803,116.7750473,73.116,64.4154348614309
91,Algeria,DZA,2007 [YR2007],25.9305422423959,14.3548061501255,-1.15058553218842,23.5956306457519,150.86651611,73.346,65.1690763324461
93,Algeria,DZA,2009 [YR2009],24.9720395477565,14.901057630136,-1.19691348075867,30.5014705657959,207.20181274,73.871,66.5097384559521
94,Algeria,DZA,2010 [YR2010],24.3952993862667,15.1940329339055,-1.25936758518219,30.7344437013341,227.95396423,74.144,67.1235057867459
95,Algeria,DZA,2011 [YR2011],23.5721077905837,15.4942924080714,-1.36056065559387,32.3866003582095,285.5020752,74.383,67.7344007507578
96,Algeria,DZA,2012 [YR2012],24.3968164333132,15.8061610419273,-1.32504332065582,33.5570987119466,340.09133911,74.609,68.3421258553675
97,Algeria,DZA,2013 [YR2013],22.3802640164928,16.1286164736705,-1.20237147808075,35.4386275633738,337.5736084,74.809,68.9463836079277
98,Algeria,DZA,2014 [YR2014],24.111122951181,16.4606678310815,-1.19053518772125,36.0427983596258,366.58670044,74.992,69.5468765157615
99,Algeria,DZA,2015 [YR2015],25.6188658260447,16.8026368106356,-1.09078657627106,38.2444735695552,296.76824951,75.159,70.1433070861612
100,Algeria,DZA,2016 [YR2016],25.5531525527547,17.1516218598076,-1.09974193572998,43.9040620880927,265.53439331,75.31,70.7353778263851
101,Algeria,DZA,2017 [YR2017],24.7521457818965,17.5037080018356,-0.919614315032959,49.177689984383,270.93261719,75.431,71.3227912436551
102,Algeria,DZA,2018 [YR2018],24.9335900639775,17.846203680417,-0.842107713222504,52.8819387317527,271.53778076,75.555,71.905249845153
103,Algeria,DZA,2019 [YR2019],24.3886086444981,18.1776961381175,-1.05585384368896,53.8645018203122,242.07002258,75.682,72.4824561380175
128,Andorra,AND,2002 [YR2002],15.7322043920316,141.502127659574,1.28276693820953,7.30906009674072,1583.21118164,82.448,91.4605308311615
129,Andorra,AND,2003 [YR2003],15.3456971177959,147.842553191489,1.46513116359711,8.82606983184814,1885.52746582,82.718,90.9887515425879
130,Andorra,AND,2004 [YR2004],14.9275487539332,158.13829787234,1.40210604667664,8.74042987823486,2059.91821289,82.815,90.5157699584961
131,Andorra,AND,2005 [YR2005],14.5249335007286,164.725531914894,1.38492727279663,8.45697021484375,2283.44287109,83.086,89.9563631945418
132,Andorra,AND,2006 [YR2006],14.0587152187082,169.329787234043,1.34965407848358,9.93558025360107,2156.34423828,83.374,89.3789218918348
134,Andorra,AND,2008 [YR2008],12.9498851880477,177.648936170213,1.33847212791443,11.0230503082275,2774.92602539,83.855,88.9407363930477
138,Andorra,AND,2012 [YR2012],12.2593146393596,163.476595744681,1.29035115242004,12.870249017038,2785.18896484,84.334,88.6290967082924
139,Andorra,AND,2013 [YR2013],11.2698563251216,159.987234042553,1.28392601013184,14.5405405405405,2887.02587891,84.406,88.5809399121053
140,Andorra,AND,2014 [YR2014],10.4359992732348,156.887234042553,1.28659331798553,13.5399673735726,3001.19604492,84.485,88.544042920911
141,Andorra,AND,2015 [YR2015],11.1088936507291,153.56170212766,1.36598539352417,13.8206896551724,2672.26464844,84.532,88.5180850122057
142,Andorra,AND,2016 [YR2016],10.1068248002358,153.576595744681,1.38275027275085,15.2011095700416,2769.15283203,84.489,88.5027454634853
143,Andorra,AND,2017 [YR2017],10.0219190390452,156.942553191489,1.39288973808289,15.6664896441848,2876.17871094,84.359,88.4977035522461
144,Andorra,AND,2018 [YR2018],9.89580638748632,159.91914893617,1.39124858379364,15.7132150886835,3158.13647461,84.242,88.5080998493791
145,Andorra,AND,2019 [YR2019],9.01087465277866,162.710638297872,1.57736670970917,15.4352596927579,3021.43261719,84.098,88.5391793666245
149,Angola,AGO,2002 [YR2002],23.8200090775863,13.8988521697281,-1.5761798620224,0.783640027046204,29.37077141,47.874,52.8926234794038
150,Angola,AGO,2003 [YR2003],23.9811124380809,14.392967032967,-1.0073858499527,2.87620997428894,35.2206955,50.218,54.0043545370761
151,Angola,AGO,2004 [YR2004],24.1057819741159,14.9197264779017,-1.0631206035614,2.14597010612488,50.23310852,51.123,55.0445280863936
152,Angola,AGO,2005 [YR2005],24.1638073837181,15.4737795780861,-0.885178327560425,2.6385600566864,54.66142273,52.13,56.0
153,Angola,AGO,2006 [YR2006],24.1729316066879,16.0546073634395,-0.539453446865082,2.55977010726929,70.28185272,52.965,56.8939032662772
158,Angola,AGO,2011 [YR2011],24.337940171596,19.4259661506377,-0.369237810373306,6.44004138280629,122.11888123,58.093,60.8431610396073
160,Angola,AGO,2013 [YR2013],24.5386584342125,20.9879040667362,-0.39123347401619,9.22339720175662,142.78450012,59.705,62.1333075212361
162,Angola,AGO,2015 [YR2015],25.0021502571501,22.5858650838213,-0.50538581609726,8.78320868033121,107.52857208,61.042,63.51567832685
163,Angola,AGO,2016 [YR2016],25.1807008149163,23.4082537900056,-0.321580082178116,9.78287696232453,94.01481628,61.619,64.2992302517989
177,Antigua and Barbuda,ATG,2009 [YR2009],17.6168614217745,191.302272727273,0.721793532371521,14.8930101394653,609.50390625,76.386,26.4808350768849
178,Antigua and Barbuda,ATG,2010 [YR2010],17.5974662934196,193.909090909091,0.904999375343323,16.6952054794521,724.08880615,76.701,26.0170447850587
179,Antigua and Barbuda,ATG,2011 [YR2011],17.2285490405827,196.209090909091,0.957588255405426,15.1060820367751,717.28186035,77.023,25.694689859722
180,Antigua and Barbuda,ATG,2012 [YR2012],17.5622893176979,198.318181818182,0.975788056850433,25.1156271899089,753.50183105,77.1,25.4555618588267
210,Argentina,ARG,2000 [YR2000],17.42603648416,13.5981729753827,0.0958238765597343,54.0843505859375,702.23309326,73.91,89.1760271133454
212,Argentina,ARG,2002 [YR2002],16.9235142685328,13.8961113608045,-0.776545405387878,61.7228813171387,221.80255127,74.312,89.5616701920513
213,Argentina,ARG,2003 [YR2003],16.6435724137411,14.0404218234436,-0.359838128089905,64.0304870605469,259.99020386,74.307,89.752468256564
214,Argentina,ARG,2004 [YR2004],16.3426626515998,14.1835268152403,-0.610934913158417,64.5891418457031,309.04415894,74.871,89.9397208794212
215,Argentina,ARG,2005 [YR2005],16.0193994250859,14.3300077831249,-0.0417749434709549,63.4893112182617,389.34667969,75.231,90.1233737736072
216,Argentina,ARG,2006 [YR2006],15.5877675221277,14.4781158991336,0.0019677628297358,66.9444732666016,451.97616577,75.279,90.3033726521064
217,Argentina,ARG,2007 [YR2007],15.0427292384364,14.6223222213696,0.0977966338396072,66.6672210693359,567.28747559,74.783,90.4796632279031
218,Argentina,ARG,2008 [YR2008],14.5043652786628,14.7711827061158,-0.0877556875348091,68.5610733032227,740.14105225,75.428,90.6521912139817
219,Argentina,ARG,2009 [YR2009],14.0927563474575,14.9285563947689,-0.234854578971863,70.6931915283203,778.51556396,75.577,90.8209023233265
220,Argentina,ARG,2010 [YR2010],13.9279831494715,15.0870920710786,-0.0847978666424751,73.803669361107,975.65991211,75.68,90.9930051940977
221,Argentina,ARG,2011 [YR2011],14.2389306717038,15.2485886234831,0.158993661403656,77.0101185060955,1196.51464844,76.1,91.1072286738406
222,Argentina,ARG,2012 [YR2012],13.3571618542264,15.4061004351973,0.103040546178818,78.1465174294761,1355.22851563,75.802,91.2041217246797
223,Argentina,ARG,2013 [YR2013],14.7643699932772,15.5598387102668,0.0653142631053925,78.5681646081939,1408.75634766,75.829,91.3014507719473
224,Argentina,ARG,2014 [YR2014],13.9500593062949,15.7212073709481,-0.0051218713633716,81.072589697739,1274.66125488,76.268,91.3975345472954
225,Argentina,ARG,2015 [YR2015],14.6245514656634,15.8867142423877,0.0087641347199678,83.75569332589,1517.33789063,76.6,91.4923019108628
226,Argentina,ARG,2016 [YR2016],14.2700594540808,16.0413905118958,0.197749897837639,86.6743832906399,1251.65612793,76.105,91.5856817228217
227,Argentina,ARG,2017 [YR2017],13.9690174802422,16.1833799224611,0.162542164325714,89.3297346952415,1486.92871094,76.543,91.6776028433824
228,Argentina,ARG,2018 [YR2018],14.1850800443346,16.3171137395905,0.0069098123349249,91.0846512732766,1209.5357666,76.77,91.7679941327998
229,Argentina,ARG,2019 [YR2019],14.3996238920365,16.4335255363231,-0.0978230908513069,95.1928240640628,1011.08013916,76.847,91.8567844513802
231,Armenia,ARM,2000 [YR2000],27.498645550379,113.140147523709,-0.68286794424057,32.5305213928223,25.6606369,72.8804878048781,64.959237917436
233,Armenia,ARM,2002 [YR2002],27.4848026556976,112.391991570074,-0.255784124135971,33.9618911743164,59.20983887,72.8268292682927,64.7396211980252
234,Armenia,ARM,2003 [YR2003],27.5378873564374,111.784334387074,0.236966237425804,35.0657081604004,66.31577301,72.8268292682927,64.6663537455064
235,Armenia,ARM,2004 [YR2004],27.6753386119868,111.166139796277,-0.116337485611439,35.8360900878906,71.65074158,73.0268292682927,64.5972633621116
236,Armenia,ARM,2005 [YR2005],27.9304282644128,110.516332982086,-0.0663353949785233,37.7094497680664,95.55095673,73.0756097560976,64.5334210637509
237,Armenia,ARM,2006 [YR2006],28.4040594680882,109.838426413769,-0.261023759841919,41.5903587341309,124.8989563,72.8243902439025,64.4758978663344
238,Armenia,ARM,2007 [YR2007],29.2219860543866,109.146469968388,0.150905832648277,44.4558410644531,170.15332031,72.8731707317073,64.4257647857723
239,Armenia,ARM,2008 [YR2008],30.454755880876,108.433438707411,-0.0068530277349054,46.5244903564453,261.59963989,73.0731707317073,64.3840928379746
240,Armenia,ARM,2009 [YR2009],32.172916805124,107.692307692308,0.227863356471062,49.0897102355957,247.90641785,73.0731707317073,64.3519530388516
241,Armenia,ARM,2010 [YR2010],34.4470166846987,106.947664207938,0.071855328977108,50.5839875932926,291.77758789,73.1731707317073,64.3304164043132
242,Armenia,ARM,2011 [YR2011],41.8107255386856,106.354056902002,-0.06386898458004,51.2949290708131,325.29086304,73.8170731707317,64.3207449145194
243,Armenia,ARM,2012 [YR2012],43.2896148307344,106.220583069898,0.154794976115227,44.4855719494927,331.91378784,74.119512195122,64.3268379506998
244,Armenia,ARM,2013 [YR2013],41.050500477264,106.146821215314,0.11038514226675,44.8347790892711,392.85253906,74.6219512195122,64.3584061131466
245,Armenia,ARM,2014 [YR2014],38.639237611456,105.858798735511,-0.297135800123215,47.7150849538629,404.33874512,74.8731707317073,64.4142934233291
246,Armenia,ARM,2015 [YR2015],38.1148586893988,105.535651563049,-0.256798654794693,48.7313687040259,365.51950073,74.8707317073171,64.4929623431549
247,Armenia,ARM,2016 [YR2016],35.8609078798257,105.103617843344,-0.667951107025146,54.3432877365993,359.58227539,74.8682926829268,64.5928753345316
248,Armenia,ARM,2017 [YR2017],34.0153569947094,104.650509308044,-0.626211166381836,55.5065519523494,409.80145264,75.2170731707317,64.7124948593667
249,Armenia,ARM,2018 [YR2018],34.201366074335,104.285212504391,-0.451066911220551,57.4585357681354,428.34570313,75.619512195122,64.8502833795679
250,Armenia,ARM,2019 [YR2019],32.6618235324139,104.056902002107,-0.420024991035461,53.5944174785534,533.69952393,76.2219512195122,65.0047033570428
288,Australia,AUS,2015 [YR2015],7.18466162026884,3.10011259648803,0.873180687427521,119.679389953613,5294.57226563,82.4,86.8778642539361
289,Australia,AUS,2016 [YR2016],7.20069562395068,3.14493553058884,1.0334244966507,119.682777404785,5423.82666016,82.4487804878049,87.0166295249235
290,Australia,AUS,2017 [YR2017],7.4285359593217,3.19715601363491,0.87606406211853,109.993309020996,5780.53710938,82.5,87.12809266445
291,Australia,AUS,2018 [YR2018],7.74121920379958,3.24534491589985,0.971185445785522,103.322090148926,5830.1015625,82.7487804878049,87.2267680845925
292,Australia,AUS,2019 [YR2019],9.33099031566264,3.29365056253104,0.917978942394257,109.759559631348,5529.19482422,82.9,87.3019647888406
301,Austria,AUT,2007 [YR2007],17.2316229771279,100.526987396995,1.284419298172,63.8021202087402,4478.76855469,80.1804878048781,67.0211044863084
302,Austria,AUT,2008 [YR2008],16.6393158749523,100.842171594765,1.33927059173584,66.1983871459961,5057.76074219,80.4317073170732,67.0435560819078
303,Austria,AUT,2009 [YR2009],16.1746160256084,101.106677169171,1.19087398052216,67.9915771484375,4928.98779297,80.3317073170732,67.0705895694924
304,Austria,AUT,2010 [YR2010],15.9865901400578,101.350024236549,1.15264821052551,75.0402526855469,4800.79345703,80.5804878048781,67.1047429254747
305,Austria,AUT,2011 [YR2011],16.3676317593698,101.692232186137,1.19352161884308,77.2625122070312,5167.81787109,80.9829268292683,67.1484255415056
306,Austria,AUT,2012 [YR2012],14.7199011900978,102.156943771207,1.34056687355042,79.5471267700195,4966.09570313,80.9365853658537,67.2085909812279
307,Austria,AUT,2013 [YR2013],14.6599487004805,102.760821619001,1.36410057544708,80.9616012573242,5235.34130859,81.1365853658537,67.2981308784247
308,Austria,AUT,2014 [YR2014],12.9541454673827,103.567086766844,1.27070045471191,81.0195693969727,5393.60205078,81.490243902439,67.4154327591781
309,Austria,AUT,2015 [YR2015],13.5999635409,104.734597673291,1.12933051586151,82.2563095092773,4612.82373047,81.190243902439,67.5576175537383
310,Austria,AUT,2016 [YR2016],12.5143795701306,105.873339796413,0.8921759724617,82.8496932983398,4709.87597656,81.6414634146342,67.7218061923556
311,Austria,AUT,2017 [YR2017],12.1557592255042,106.61131846825,1.02962481975555,83.8392562866211,4938.92041016,81.6439024390244,67.9051196052802
312,Austria,AUT,2018 [YR2018],12.5861934480679,107.131858943286,0.884860396385193,85.8698883056641,5337.21826172,81.6926829268293,68.1046787227623
313,Austria,AUT,2019 [YR2019],11.4645937760057,107.609306834707,0.892189025878906,86.3234329223633,5263.390625,81.8951219512195,68.3176044750522
321,Azerbaijan,AZE,2006 [YR2006],19.4343550329971,102.672531674674,-1.09268236160278,19.7894592285156,49.87102127,68.489,52.6540145874023
322,Azerbaijan,AZE,2007 [YR2007],19.9134764720137,103.853368672016,-0.62599641084671,19.3645992279053,74.65649414,68.659,52.8281555175781
323,Azerbaijan,AZE,2008 [YR2008],20.6727592862898,106.059762547351,-0.330349981784821,19.0478897094727,111.88427734,69.355,53.063304901123
324,Azerbaijan,AZE,2009 [YR2009],21.7342951325807,108.291290455327,-0.277853518724442,19.057710647583,135.40127563,69.874,53.1358125434574
325,Azerbaijan,AZE,2010 [YR2010],23.1201756676417,109.542344173442,-0.238546922802925,19.2600431394615,153.0665741,70.309,53.2848367714869
326,Azerbaijan,AZE,2011 [YR2011],27.4281061456644,110.976336228798,-0.532135963439941,19.6473062365442,184.93493652,70.565,53.5085461893249
327,Azerbaijan,AZE,2012 [YR2012],29.1805878419231,112.460790244138,-0.715751826763153,20.4384614704139,234.60324097,71.08,53.8076442276208
328,Azerbaijan,AZE,2013 [YR2013],28.2339828650537,113.923480806688,-0.412859916687012,21.4404253568261,251.67863464,71.485,54.1821087431318
329,Azerbaijan,AZE,2014 [YR2014],26.4192082058383,115.348813858679,-0.559909522533417,23.1597349800287,280.22314453,71.93,54.6319175926151
330,Azerbaijan,AZE,2015 [YR2015],25.1867220505416,116.731076781631,-0.733916640281677,25.4831961094662,236.25979614,72.349,55.1570486328276
331,Azerbaijan,AZE,2016 [YR2016],24.3527968807853,118.033288980283,-0.808908820152283,27.2368629930846,169.69596863,72.568,55.7574797205266
332,Azerbaijan,AZE,2017 [YR2017],23.2421881518978,119.208741622511,-0.751901030540466,28.4670565431322,167.01565552,72.694,56.4331887124691
333,Azerbaijan,AZE,2018 [YR2018],23.2360923544978,120.25759188908,-0.711399376392365,28.9724903670069,180.03610229,73.016,57.1841534654123
334,Azerbaijan,AZE,2019 [YR2019],22.023834941184,121.280071139933,-0.693411469459534,32.9221812477847,199.25746155,73.29,58.1308191977779
360,Bahrain,BHR,2003 [YR2003],73.8799083460396,1061.82916666667,0.483918994665146,25.1201400756836,530.5446167,75.486,88.8325339694118
362,Bahrain,BHR,2005 [YR2005],75.9706504898194,1201.11081081081,0.0141627388074994,19.0136394500732,557.9574585,76.125,91.168165501421
363,Bahrain,BHR,2006 [YR2006],74.6528084567212,1297.87027027027,-0.365050613880157,17.5358505249023,578.29705811,76.51,92.7186075361661
368,Bahrain,BHR,2011 [YR2011],66.7273263961034,1558.0443285528,-0.950841903686523,46.3075025646345,921.72064209,79.141,100.0
369,Bahrain,BHR,2012 [YR2012],70.0606736033788,1570.08311688312,-1.12995493412018,47.6811679519633,1038.1661377,79.622,100.0
370,Bahrain,BHR,2013 [YR2013],68.1447019157403,1627.52077922078,-1.33541774749756,44.1274788546413,1115.16906738,79.998,100.0
371,Bahrain,BHR,2014 [YR2014],59.1499735070702,1705.00907911803,-0.907474875450134,44.7866602427761,1122.16040039,80.214,100.0
372,Bahrain,BHR,2015 [YR2015],71.5594978371491,1761.33933161954,-1.06826269626617,45.6439860607554,1128.24291992,80.338,100.0
373,Bahrain,BHR,2016 [YR2016],64.2193035294402,1827.63286264442,-0.792700231075287,46.7631772606016,1095.92541504,80.407,100.0
374,Bahrain,BHR,2017 [YR2017],61.237494601176,1924.50769230769,-0.958746254444122,48.7280981931009,1080.08898926,80.407,100.0
375,Bahrain,BHR,2018 [YR2018],71.8872328410934,1931.99357326478,-0.846294164657593,50.2628341348842,1041.8560791,80.412,100.0
376,Bahrain,BHR,2019 [YR2019],59.9655174851019,1902.25128205128,-0.626829981803894,52.9045782700327,1030.26379395,80.471,100.0
378,Bangladesh,BGD,2000 [YR2000],53.2073315873939,1033.6045478989,-0.726261258125305,5.25165987014771,8.27585602,62.049,23.3145114975244
380,Bangladesh,BGD,2002 [YR2002],53.9989891679289,1067.32471383575,-1.03259038925171,5.91559982299805,9.05402279,63.591,24.1132383547332
381,Bangladesh,BGD,2003 [YR2003],54.4416560238779,1082.97112237843,-1.1155811548233,5.99128007888794,9.98434258,64.288,24.5525557512625
382,Bangladesh,BGD,2004 [YR2004],54.7139805852488,1097.8171314435,-1.36047637462616,5.55667018890381,10.78997898,64.912,25.0094809886101
383,Bangladesh,BGD,2005 [YR2005],54.6647870982674,1111.74453407083,-1.86383938789368,6.13484001159668,11.31403732,65.509,25.4769540701509
384,Bangladesh,BGD,2006 [YR2006],53.1975459498402,1124.7289928555,-1.50709736347198,7.07040023803711,12.05988026,66.048,25.9479149992596
385,Bangladesh,BGD,2007 [YR2007],50.0752382318021,1136.89235614965,-1.54307162761688,7.66305017471313,14.03898716,66.458,26.415303779311
386,Bangladesh,BGD,2008 [YR2008],46.4359542477712,1148.30040715987,-1.50833129882812,8.62265968322754,15.5619669,67.047,26.87206041368
387,Bangladesh,BGD,2009 [YR2009],43.417784301366,1159.05134823692,-1.54677140712738,10.4939298629761,17.7030201,67.527,27.3111249057412
389,Bangladesh,BGD,2011 [YR2011],52.2951110557553,1179.92683413997,-1.40473687648773,13.2663245348367,22.77348328,68.499,28.1100162712427
390,Bangladesh,BGD,2012 [YR2012],65.1638389348551,1191.28909118845,-1.37908899784088,13.4211598649529,23.43771553,68.989,28.4787972894576
391,Bangladesh,BGD,2013 [YR2013],64.3758949024465,1202.52086502266,-1.62785887718201,13.4900578063704,26.96918297,69.487,28.8407036106763
392,Bangladesh,BGD,2014 [YR2014],68.3283645116627,1213.52791733886,-0.895563185214996,13.5777392703559,29.91152382,70.016,29.1944442321013
393,Bangladesh,BGD,2015 [YR2015],64.1084295201163,1224.42328493508,-1.20977377891541,15.5739926180902,33.20998764,70.543,29.5395099477892
394,Bangladesh,BGD,2016 [YR2016],63.6784141329752,1235.3993393255,-1.25973296165466,17.3985207411042,39.30647659,71.075,29.8753915517965
395,Bangladesh,BGD,2017 [YR2017],58.3439766448258,1245.95641852962,-1.25362718105316,18.5175604399834,42.17510986,71.606,30.2015798381799
396,Bangladesh,BGD,2018 [YR2018],59.513577848333,1256.22726434662,-0.985569059848785,19.5710492453779,44.78892899,72.122,30.5175656009959
397,Bangladesh,BGD,2019 [YR2019],50.3645265388691,1266.90523930245,-0.928628742694855,22.7094642473405,47.84217072,72.625,30.8228396343012
399,Barbados,BRB,2000 [YR2000],23.2213661568837,609.448837209302,1.15119981765747,41.9254302978516,622.47875977,74.58,62.5379397803044
406,Barbados,BRB,2007 [YR2007],21.0340484119677,630.902325581395,1.04420638084412,60.2387390136719,1043.49401855,75.263,59.803942722226
408,Barbados,BRB,2009 [YR2009],21.1675646535713,637.495348837209,1.04774069786072,74.2060775756836,1163.96875,75.458,59.2944920242948
409,Barbados,BRB,2010 [YR2010],21.1354483055595,640.1,1.06063663959503,69.5953279239237,1114.3729248,75.488,59.2366008990356
410,Barbados,BRB,2011 [YR2011],20.745049418333,642.183720930233,1.24613010883331,66.9463967271583,1163.2668457,75.599,59.236693205614
411,Barbados,BRB,2012 [YR2012],21.1846141376653,644.041860465116,1.18596565723419,70.0289730657796,1294.78674316,75.737,59.2372151062924
412,Barbados,BRB,2013 [YR2013],21.7944467458479,645.732558139535,1.26692914962769,73.1807704972012,1246.16491699,75.816,59.2385370835674
413,Barbados,BRB,2014 [YR2014],22.3938111163809,647.320930232558,1.2779198884964,71.2682628742848,1175.44348145,75.926,59.2410313429534
414,Barbados,BRB,2015 [YR2015],24.1787536225197,648.813953488372,1.11682772636414,57.2814457564167,1154.62719727,76.055,59.2450700899645
415,Barbados,BRB,2016 [YR2016],24.4150757393389,650.227906976744,0.960008144378662,52.0533712473342,1181.14257813,76.168,59.2510255301153
416,Barbados,BRB,2017 [YR2017],23.2878109296981,651.560465116279,0.952525317668915,51.0106696691866,1182.00366211,76.237,59.25926986892
417,Barbados,BRB,2018 [YR2018],23.2651852221243,652.816279069767,0.900694906711578,45.8751983077737,1169.35559082,76.378,59.270175311893
418,Barbados,BRB,2019 [YR2019],23.3255430894091,653.96976744186,1.03293108940125,48.935497470489,1168.11938477,76.495,59.2841140645486
420,Belarus,BLR,2000 [YR2000],27.8003375928239,49.1974779144976,0.139502242207527,54.5108413696289,57.02944183,68.9121951219512,69.9172295434732
422,Belarus,BLR,2002 [YR2002],25.3708864392258,48.6397310049352,0.302805960178375,58.9719886779785,85.97066498,68.0560975609756,70.8804702758789
423,Belarus,BLR,2003 [YR2003],23.8005944482748,48.3012483606638,0.693029940128326,61.6584510803223,108.51013947,68.5536585365854,71.3092422485352
424,Belarus,BLR,2004 [YR2004],22.4773987093966,47.9754751867465,0.161766871809959,62.9585113525391,140.99655151,68.9560975609756,71.7658538818359
425,Belarus,BLR,2005 [YR2005],21.764404618722,47.6446879945571,0.360231071710587,65.4601211547852,196.13806152,68.8512195121951,72.0310134887695
426,Belarus,BLR,2006 [YR2006],21.555661490259,47.3372826558372,0.148469686508179,68.3140869140625,221.70170593,69.4048780487805,72.6113815307617
427,Belarus,BLR,2007 [YR2007],21.449293067481,47.1212709646576,0.34100878238678,71.1050872802734,278.63424683,70.2073170731707,73.0913467407227
428,Belarus,BLR,2008 [YR2008],21.364516390716,46.9585563473992,0.521403908729553,71.3163528442383,348.92633057,70.4560975609756,73.5531692504883
429,Belarus,BLR,2009 [YR2009],21.220548500292,46.8441433626748,0.489347755908966,75.3678512573242,288.44775391,70.4073170731707,74.1909646620571
430,Belarus,BLR,2010 [YR2010],20.9366064365372,46.7409685463919,-0.0949900969862938,80.1169697729485,341.13800049,70.4048780487805,74.5501403808594
431,Belarus,BLR,2011 [YR2011],18.6953550823705,46.6297521068454,-0.0877690091729164,87.3373753061346,317.82492065,70.5536585365854,75.0597534179688
432,Belarus,BLR,2012 [YR2012],18.0675396231787,46.5593029044007,0.0686152204871178,93.4729592664074,364.09957886,71.9658536585366,75.5281066894531
433,Belarus,BLR,2013 [YR2013],18.9735248940446,46.5393725235082,0.00595916621387,95.4975003100193,454.51959229,72.4707317073171,75.94970703125
434,Belarus,BLR,2014 [YR2014],19.3974713758219,46.5506003261518,0.179782152175903,94.316359554493,448.27426147,72.9707317073171,76.3405227661133
435,Belarus,BLR,2015 [YR2015],17.6059281150121,46.611337189252,0.110905699431896,93.7888271999214,360.91937256,73.6243902439025,76.6263885498047
436,Belarus,BLR,2016 [YR2016],15.8319434819688,46.6499448243246,0.135706260800362,91.5206757734477,296.94720459,73.8268292682927,76.8458709716797
437,Belarus,BLR,2017 [YR2017],15.7775132293532,46.5987595325832,-0.0572087056934834,89.4706479354735,331.94082642,74.1292682926829,77.0208206176758
438,Belarus,BLR,2018 [YR2018],16.9825400264261,46.5010592176569,0.353592693805695,84.7097808751504,349.99176025,74.1756097560976,77.2132720947266
439,Belarus,BLR,2019 [YR2019],15.6177925850738,46.4107506220284,0.344978094100952,81.2921953254514,400.11621094,74.2268292682927,77.4550771852757
441,Belgium,BEL,2000 [YR2000],19.4896989178456,337.957010516599,1.12981116771698,56.201831817627,1849.91601563,77.7219512195122,82.0152520403035
443,Belgium,BEL,2002 [YR2002],18.5922693848995,340.64500708799,1.26080238819122,58.1100807189941,2084.7199707,78.0756097560976,82.6509663267055
444,Belgium,BEL,2003 [YR2003],18.1085002652024,342.074077737118,0.85823780298233,59.6124610900879,2814.88037109,78.1292682926829,82.9609538786731
445,Belgium,BEL,2004 [YR2004],17.70163525187,343.557742392774,0.709136724472046,62.0411491394043,3312.74169922,78.8780487804878,83.2655230829461
446,Belgium,BEL,2005 [YR2005],17.4468796012875,345.452708271519,0.79377418756485,62.8203315734863,3405.30175781,78.9804878048781,83.5645449743707
447,Belgium,BEL,2006 [YR2006],17.3306080027794,347.738700425279,0.856375813484192,63.3717384338379,3545.24243164,79.380487804878,83.8578905877926
448,Belgium,BEL,2007 [YR2007],17.2634972753458,350.301651666502,0.757325053215027,62.461841583252,4064.07568359,79.7829268292683,84.1454309580577
449,Belgium,BEL,2008 [YR2008],17.2072058698858,353.079912966077,0.620571196079254,62.7642097473145,4652.54589844,79.6804878048781,84.427037120012
450,Belgium,BEL,2009 [YR2009],17.1233922372982,355.932252002769,0.820824682712555,64.9798431396484,4637.45019531,80.0341463414634,84.7025801085014
451,Belgium,BEL,2010 [YR2010],16.9737148284819,359.199090099891,0.810646176338196,66.8578872680664,4530.05810547,80.1829268292683,84.9719309583717
452,Belgium,BEL,2011 [YR2011],16.3662739599691,363.902812118814,0.95453542470932,67.7034072875977,4929.19873047,80.5853658536585,85.2349607044689
453,Belgium,BEL,2012 [YR2012],15.2150084633195,366.166617215574,0.923599720001221,69.7490615844727,4704.67578125,80.3853658536585,85.4915403816388
454,Belgium,BEL,2013 [YR2013],14.3697873081768,367.896581281113,0.940082728862762,71.7841110229492,4953.98193359,80.5878048780488,85.7415410247275
455,Belgium,BEL,2014 [YR2014],12.9003587052878,369.533412455082,0.701269447803497,74.0397262573242,5079.82519531,81.2878048780488,85.9848336685807
456,Belgium,BEL,2015 [YR2015],13.3390429399775,371.680875614018,0.577092111110687,76.423942565918,4442.13037109,80.9926829268293,86.2212893480444
457,Belgium,BEL,2016 [YR2016],12.3939007132505,373.567467774371,0.429606109857559,77.2435073852539,4542.66162109,81.4390243902439,86.4507790979645
458,Belgium,BEL,2017 [YR2017],12.7691577876359,375.009329772855,0.41760727763176,80.7738189697266,4783.80664063,81.4926829268293,86.6731739531869
459,Belgium,BEL,2018 [YR2018],12.4925874999047,374.74351490506,0.393769443035126,79.1237487792969,5176.85498047,81.5951219512195,86.8883449485575
460,Belgium,BEL,2019 [YR2019],11.2143791835506,376.761985964452,0.458395332098007,79.3044815063477,5033.16601563,81.9951219512195,87.0961631189222
464,Belize,BLZ,2002 [YR2002],26.5202776749369,11.2235423060061,0.417992562055588,17.0946197509766,172.80645752,69.528,47.4865009861554
465,Belize,BLZ,2003 [YR2003],25.9062363191074,11.5642262165717,0.486082047224045,16.2938194274902,175.12486267,69.819,47.2806245981404
466,Belize,BLZ,2004 [YR2004],25.2757877653807,11.9109162647961,0.401561915874481,15.6906204223633,176.25566101,70.152,47.0226655922949
467,Belize,BLZ,2005 [YR2005],24.7535476878486,12.2635247698378,0.104911744594574,16.1422500610352,181.23458862,70.335,46.7271194028137
468,Belize,BLZ,2006 [YR2006],24.2589002528347,12.6206926786497,0.0819770395755768,16.941520690918,196.11968994,70.535,46.4084814638913
469,Belize,BLZ,2007 [YR2007],23.6963824128613,12.9811486190267,0.194921582937241,17.9253196716309,233.6493988,70.652,46.0812472097226
470,Belize,BLZ,2008 [YR2008],23.1683390213192,13.3433143358176,0.190071985125542,18.78537940979,257.8269043,70.665,45.7599120745023
471,Belize,BLZ,2009 [YR2009],22.777114931599,13.7051293292416,0.0284302048385143,22.0563106536865,243.30648804,70.806,45.4589714924251
472,Belize,BLZ,2010 [YR2010],22.6250549970911,14.0396755808856,0.0704276859760284,21.5657311669129,244.02867126,70.875,45.1914838193558
473,Belize,BLZ,2011 [YR2011],25.0167214312121,14.3488820692679,0.151908859610558,21.5464009784327,252.73461914,70.975,44.9417819131729
474,Belize,BLZ,2012 [YR2012],23.7091047742089,14.6608505041648,0.180257618427277,24.0271611386785,247.82728577,71.134,44.6903068035216
475,Belize,BLZ,2013 [YR2013],26.8732782139428,14.977071459886,0.176189258694649,24.0045345047471,262.88650513,71.276,44.4380542363795
476,Belize,BLZ,2014 [YR2014],26.766330789615,15.2969311705392,0.0485830754041672,24.0154633440872,298.22598267,71.437,44.1850161758379
477,Belize,BLZ,2015 [YR2015],27.5566748212023,15.6217886891714,0.0372595116496086,23.4350622690571,287.53118896,71.647,43.931184585988
478,Belize,BLZ,2016 [YR2016],25.608806996967,15.9888206926786,0.0521895512938499,24.4760136680388,293.82302856,71.843,43.6765514309211
479,Belize,BLZ,2017 [YR2017],26.1751165590281,16.3613327487944,0.0304041262716055,24.731690676743,281.39849854,72.062,43.4211086747287
480,Belize,BLZ,2018 [YR2018],26.7474102969967,16.6692678649715,-0.0021232196595519,24.5883446033139,287.49368286,72.322,43.164848281502
481,Belize,BLZ,2019 [YR2019],26.1465334719171,16.9149057430951,0.0619864836335182,25.138736158351,299.69824219,72.577,42.9077622153323
483,Benin,BEN,2000 [YR2000],60.5959598706697,64.0441557289819,0.799652576446533,3.49604988098144,14.42371464,56.594,38.2759517258875
485,Benin,BEN,2002 [YR2002],55.0537524641043,68.0686945725434,0.82151585817337,4.92833995819092,16.9179287,56.851,39.0035069872981
486,Benin,BEN,2003 [YR2003],50.38184649863,70.1762149698475,0.679285824298859,5.43203020095825,21.06955719,57.092,39.4169696013044
487,Benin,BEN,2004 [YR2004],46.4477544416886,72.3580525008868,0.265973478555679,5.47938013076782,24.52665329,57.346,39.8525699078742
488,Benin,BEN,2005 [YR2005],44.7552378557758,74.7263568641362,0.449746280908585,5.41120004653931,25.12485313,57.738,40.3097749006517
489,Benin,BEN,2006 [YR2006],44.7014244507525,77.0950869102519,0.547892570495605,6.20295000076294,26.60264206,57.966,40.7877794072449
490,Benin,BEN,2007 [YR2007],44.6821454651912,79.4073164242639,0.386217623949051,7.43086004257202,26.79680061,58.249,41.2857782552618
491,Benin,BEN,2008 [YR2008],44.6992177546544,81.8416637105357,0.376421362161636,7.34216022491455,28.12486076,58.099,41.8029662723105
492,Benin,BEN,2009 [YR2009],44.7544581747048,84.3333008158922,0.40366667509079,9.3462495803833,29.58557701,58.258,42.338538285999
493,Benin,BEN,2010 [YR2010],44.8496835809048,86.8879389854558,0.261260122060776,12.6081895828247,29.29358101,58.387,42.8916891239353
494,Benin,BEN,2011 [YR2011],47.392759069621,89.5142160340546,0.318356364965439,11.8088598251343,31.75146866,58.462,43.4616136137276
495,Benin,BEN,2012 [YR2012],51.5628188212507,92.2105090457609,0.364367604255676,12.8605403900147,32.95616913,58.559,44.0475065829838
496,Benin,BEN,2013 [YR2013],42.0881252510416,94.9701489890032,0.301189363002777,14.7752199172974,33.53426743,58.863,44.6502883669319
497,Benin,BEN,2014 [YR2014],42.0112596872744,97.8184107839659,0.027139762416482,14.6916198730469,32.41182327,59.008,45.2880529235999
498,Benin,BEN,2015 [YR2015],66.6561284323416,100.750984391628,-0.0204964224249125,12.4851799011231,27.34733391,59.123,45.9407403257663
499,Benin,BEN,2016 [YR2016],59.4793406242621,103.741060659808,-0.0087835025042295,11.9529895782471,28.24943924,59.283,46.6094559006664
500,Benin,BEN,2017 [YR2017],58.3879587239383,106.773501241575,0.026252493262291,11.337929725647,28.14816666,59.528,47.2942774880391
501,Benin,BEN,2018 [YR2018],54.0562679352757,109.820388435615,-0.146990418434143,11.5739097595215,33.21631241,59.71,47.9952829275963
502,Benin,BEN,2019 [YR2019],46.5625275293874,112.865865555161,-0.420240253210068,10.3906803131103,28.372015,59.888,48.7125500590248
530,Bhutan,BTN,2005 [YR2005],34.0737247294978,17.3640370438387,1.28448736667633,4.87233018875122,46.79434204,65.875,30.9379917831613
531,Bhutan,BTN,2006 [YR2006],33.1496223788183,17.5984206522024,1.26451897621155,5.12222003936768,54.21236038,66.499,31.5664945864425
532,Bhutan,BTN,2007 [YR2007],31.1047418968965,17.8041556260986,0.56852650642395,5.54621982574463,64.72015381,67.152,32.1738216649326
533,Bhutan,BTN,2008 [YR2008],28.700905063469,18.0064275782459,0.720669388771057,6.58204984664917,57.59343338,67.733,32.76371954591
534,Bhutan,BTN,2009 [YR2009],26.6999336582723,18.2067843744261,0.803496658802032,6.29682016372681,59.74616623,68.156,33.3396804958817
535,Bhutan,BTN,2010 [YR2010],25.8636494610431,18.407324815699,0.742221653461456,6.57718143152316,72.38789368,68.765,33.9051967813552
536,Bhutan,BTN,2011 [YR2011],30.4700767007183,18.6105149933101,0.826495349407196,7.70502526511554,77.75431824,69.28,34.4637606688377
537,Bhutan,BTN,2012 [YR2012],38.1315714688966,18.8178240680012,0.776309490203857,7.60806024678839,84.0940094,69.759,35.0188644248365
538,Bhutan,BTN,2013 [YR2013],37.4162437152675,19.0275467639111,0.784624874591827,10.362939215902,86.41462708,70.161,35.5740003158589
542,Bhutan,BTN,2017 [YR2017],33.8115150358203,19.7759804949664,1.1027946472168,14.8354989456323,103.63583374,71.413,37.8645544995016
543,Bhutan,BTN,2018 [YR2018],34.0838819368766,19.920267435763,1.07766103744507,14.9303808051574,102.01222992,71.711,38.4661892776975
544,Bhutan,BTN,2019 [YR2019],30.051897764158,20.0530676455165,1.06547141075134,15.9420291550317,115.71811676,72.005,39.0746823405146
567,Bosnia and Herzegovina,BIH,2000 [YR2000],36.8983152634642,81.24552734375,-0.52839332818985,15.3945398330688,106.5786972,75.292,42.5539898606589
569,Bosnia and Herzegovina,BIH,2002 [YR2002],37.9191864208419,81.7969140625,-0.163837283849716,17.0357398986816,118.87058258,75.994,43.1975585685863
570,Bosnia and Herzegovina,BIH,2003 [YR2003],38.4581184427201,81.61177734375,-0.405683517456055,18.8590297698975,168.42216492,76.449,43.5181993184523
571,Bosnia and Herzegovina,BIH,2004 [YR2004],38.8647123272337,80.87865234375,0.0173193961381912,21.1273002624512,222.27758789,76.489,43.8380473519042
572,Bosnia and Herzegovina,BIH,2005 [YR2005],39.0254662497644,80.00962890625,-0.500624358654022,24.1594295501709,241.64047241,76.424,44.1570799336802
573,Bosnia and Herzegovina,BIH,2006 [YR2006],38.6329509376323,79.36078125,-0.441336750984192,27.0378398895264,281.26403809,76.028,44.4752743285185
574,Bosnia and Herzegovina,BIH,2007 [YR2007],37.6969528856248,78.3871875,-0.631416618824005,30.7171401977539,363.86224365,76.162,44.7926078011574
575,Bosnia and Herzegovina,BIH,2008 [YR2008],36.5797939203256,77.10046875,-0.539653778076172,34.473949432373,459.29174805,76.3,45.1090576163352
576,Bosnia and Herzegovina,BIH,2009 [YR2009],35.6437958683181,75.7772265625,-0.665914297103882,36.9575691223145,409.29098511,76.701,45.4246010387901
577,Bosnia and Herzegovina,BIH,2010 [YR2010],35.2512805561859,74.4428125,-0.693730175495148,38.5334587097168,406.13046265,76.827,45.7392153332604
578,Bosnia and Herzegovina,BIH,2011 [YR2011],39.4031643248459,73.0819921875,-0.819794893264771,41.9769592285156,456.96905518,76.963,46.0528777644843
579,Bosnia and Herzegovina,BIH,2012 [YR2012],35.5046711262656,71.68189453125,-0.538148701190948,44.7015495300293,444.93655396,77.037,46.3655655972
580,Bosnia and Herzegovina,BIH,2013 [YR2013],33.7419045514665,70.52458984375,-0.404944121837616,51.3600883483887,475.07409668,77.129,46.6954224739896
581,Bosnia and Herzegovina,BIH,2014 [YR2014],32.4817989014897,69.62556640625,-0.0191790424287319,54.1655807495117,493.07333374,77.089,47.130783484831
582,Bosnia and Herzegovina,BIH,2015 [YR2015],33.8055310132726,68.72150390625,-0.404167622327805,55.5336608886719,430.83413696,77.073,47.5711645087011
583,Bosnia and Herzegovina,BIH,2016 [YR2016],30.384676952561,67.83208984375,-0.402664005756378,56.9546089172363,450.44155884,77.124,48.0248845752382
584,Bosnia and Herzegovina,BIH,2017 [YR2017],30.9018207776211,66.9664453125,-0.351469874382019,54.528678894043,471.32647705,77.385,48.4918401819106
585,Bosnia and Herzegovina,BIH,2018 [YR2018],32.4989922059154,66.15234375,-0.400853604078293,49.7987518310547,529.85546875,77.942,48.971927825824
586,Bosnia and Herzegovina,BIH,2019 [YR2019],26.7157922521039,65.34244140625,-0.424811691045761,46.6677894592285,546.4508667,77.394,49.4650440037758
588,Botswana,BWA,2000 [YR2000],19.7205372229834,2.95975508619625,1.07435250282288,6.98083019256592,206.93144226,52.263,53.2047727398794
590,Botswana,BWA,2002 [YR2002],19.9863544347096,3.07864944506202,0.87326443195343,7.80341005325317,206.11392212,52.373,55.0142988603802
591,Botswana,BWA,2003 [YR2003],20.1595337663207,3.13330157217723,1.10493755340576,9.07960033416748,269.58544922,52.851,56.0979233496432
592,Botswana,BWA,2004 [YR2004],20.3557631526527,3.18872478958234,0.916688740253448,9.56877994537354,297.2512207,53.573,57.2582489329358
593,Botswana,BWA,2005 [YR2005],20.5721947718722,3.24647892294391,1.06357252597809,9.23077964782715,281.38796997,54.386,58.4535554684584
594,Botswana,BWA,2006 [YR2006],20.8504779384467,3.30759973885272,1.01710987091064,10.0698099136353,258.01873779,55.112,59.6421228144112
595,Botswana,BWA,2007 [YR2007],21.2070575460146,3.37233073950558,1.05613911151886,10.2232799530029,305.22042847,56.735,60.7822308289942
596,Botswana,BWA,2008 [YR2008],21.6012791414985,3.44073897623207,1.03310561180115,14.2659397125244,324.54284668,57.661,61.8321593704079
597,Botswana,BWA,2009 [YR2009],21.9924882718209,3.51255977273128,0.953861236572266,21.9871006011963,336.53146362,58.297,62.7501882968523
598,Botswana,BWA,2010 [YR2010],22.3400304839044,3.58744199177739,0.991209805011749,19.5398902893066,389.55178833,59.137,63.4945974665277
599,Botswana,BWA,2011 [YR2011],22.6768520526251,3.65877049035696,1.06444656848907,17.5134506225586,427.70709229,59.715,64.0187810722889
600,Botswana,BWA,2012 [YR2012],22.702553769979,3.72067298360771,1.10404145717621,21.6663608551025,418.82244873,60.384,64.3993247826904
601,Botswana,BWA,2013 [YR2013],21.2341334801046,3.77725195419335,1.10234701633453,26.3370990753174,433.29150391,61.217,64.7579735458393
602,Botswana,BWA,2014 [YR2014],21.1021511668115,3.83259047518219,1.01184713840485,24.8355648460166,418.82452393,62.167,65.0965122400825
603,Botswana,BWA,2015 [YR2015],22.0461450923733,3.88769431651757,1.03136825561523,26.8692925538756,374.79058838,63.215,65.4103584313295
604,Botswana,BWA,2016 [YR2016],21.2522533064009,3.94328163322923,0.979198038578033,22.6605855291776,389.3107605,64.32,65.6949296854899
605,Botswana,BWA,2017 [YR2017],19.9663232166838,3.99969473999965,1.00929582118988,21.4762885165012,471.05056763,65.42,65.9456435684731
607,Botswana,BWA,2019 [YR2019],19.2035484352255,4.11498067863004,1.09532988071442,21.4965480211896,438.28546143,67.167,66.3271694845464
621,Brazil,BRA,2012 [YR2012],14.6007414104339,23.555014752086,0.0459616407752037,43.2308616638184,968.7277832,74.335,84.8973874181312
622,Brazil,BRA,2013 [YR2013],13.8897320409453,23.7467066835444,-0.258553296327591,44.3393707275391,993.79608154,74.609,85.1676585442726
623,Brazil,BRA,2014 [YR2014],13.7916487838641,23.93895376244,-0.070290133357048,47.1568717956543,1030.66271973,74.823,85.4331367898168
624,Brazil,BRA,2015 [YR2015],12.4042007642389,24.1292359304821,-0.331864446401596,48.4340400695801,796.15252686,75.106,85.6935697061881
625,Brazil,BRA,2016 [YR2016],12.1085038135727,24.3137963709629,-0.381035059690475,48.3333396911621,810.20037842,75.081,85.9487048448108
626,Brazil,BRA,2017 [YR2017],12.2193388464901,24.4915070817191,-0.479947566986084,50.0267486572266,954.75012207,75.383,86.1982897571091
627,Brazil,BRA,2018 [YR2018],12.2516401526844,24.659465024515,-0.459598511457443,51.1916885375977,880.28430176,75.633,86.4420719945072
628,Brazil,BRA,2019 [YR2019],12.3488400923542,24.8207686159839,-0.714224636554718,52.6240615844727,868.17248535,75.809,86.6797991084296
651,Brunei Darussalam,BRN,2000 [YR2000],7.15237071655279,61.9400379506641,1.30202329158783,13.4959297180176,519.05047607,74.017,71.2246805488418
653,Brunei Darussalam,BRN,2002 [YR2002],7.16359869799834,64.5349146110057,1.15553212165833,14.1154699325562,482.52624512,74.365,72.1021556496525
654,Brunei Darussalam,BRN,2003 [YR2003],7.18894518991816,65.7755218216319,1.14442586898804,14.257490158081,545.55560303,74.509,72.577635652792
655,Brunei Darussalam,BRN,2004 [YR2004],7.19861779286489,66.9660341555977,1.36943471431732,15.1707801818848,630.73266602,74.603,73.0675067339261
656,Brunei Darussalam,BRN,2005 [YR2005],7.17099483951018,68.1055028462998,1.21265983581543,15.2498598098755,657.31945801,74.683,73.552870858133
657,Brunei Darussalam,BRN,2006 [YR2006],7.04449810766191,69.1960151802657,1.12335515022278,15.2068796157837,664.74499512,74.753,74.0148299904911
658,Brunei Darussalam,BRN,2007 [YR2007],6.82039311579094,70.3743833017078,1.10710692405701,15.4847002029419,710.42297363,74.793,74.4344860960786
659,Brunei Darussalam,BRN,2008 [YR2008],6.57132380756337,71.6874762808349,1.12561905384064,15.7385101318359,792.01367188,74.814,74.7929411399737
660,Brunei Darussalam,BRN,2009 [YR2009],6.36993412664528,73.0459203036053,1.38712668418884,16.5658493041992,739.28015137,74.814,75.0712970872547
661,Brunei Darussalam,BRN,2010 [YR2010],6.28886801670278,74.4462998102467,1.27754700183868,15.3331563578444,795.97766113,74.82,75.2506559029998
662,Brunei Darussalam,BRN,2011 [YR2011],7.22534325195967,75.7853889943074,1.08519375324249,17.4270912772504,864.63787842,74.835,75.312125504778
663,Brunei Darussalam,BRN,2012 [YR2012],7.64174071359111,76.9557874762808,0.909327208995819,22.0733483384086,869.36553955,74.843,75.2714233503027
664,Brunei Darussalam,BRN,2013 [YR2013],7.81045226819353,78.026944971537,1.07402229309082,23.4649239797279,835.32452393,74.854,75.1756915148608
665,Brunei Darussalam,BRN,2014 [YR2014],8.03840256929202,79.0796963946869,1.26150703430176,30.0799102783203,785.41210938,74.862,75.0572639801502
666,Brunei Darussalam,BRN,2015 [YR2015],7.76801290951484,80.1161290322581,1.23371255397797,28.6641292572021,731.04980469,74.88,74.9484620568562
667,Brunei Darussalam,BRN,2016 [YR2016],7.70809372713425,81.1316888045541,1.14201784133911,28.6644096374512,679.46929932,74.905,74.8816070556641
668,Brunei Darussalam,BRN,2017 [YR2017],7.23064895379441,82.1199240986717,1.15342676639557,31.2433910195239,636.22973633,74.943,74.8476440654983
669,Brunei Darussalam,BRN,2018 [YR2018],7.49485587718805,83.0759013282732,1.23603785037994,27.9285989469629,747.7253418,74.992,74.8172471714305
670,Brunei Darussalam,BRN,2019 [YR2019],7.94585811311948,84.0,1.11108720302582,27.7715019255456,677.82629395,75.049,74.7923311783673
672,Bulgaria,BGR,2000 [YR2000],25.0224930451213,73.8513242339329,0.377964615821838,42.3398284912109,94.51976013,71.6634146341463,68.2631454467773
674,Bulgaria,BGR,2002 [YR2002],25.3023954576219,72.0327297794118,0.467512369155884,41.4290084838867,148.1479187,71.8658536585366,69.4859161376953
675,Bulgaria,BGR,2003 [YR2003],25.4532398256574,71.4841132665257,0.173525497317314,42.8536109924316,195.74369812,72.0658536585366,69.7808456420898
676,Bulgaria,BGR,2004 [YR2004],25.5676821490025,70.953107760206,0.0036307335831224,43.6935691833496,233.11332703,72.5634146341463,69.9193344116211
677,Bulgaria,BGR,2005 [YR2005],25.6129743132466,70.4986377025037,0.14727059006691,46.225269317627,267.74139404,72.5609756097561,70.0869598388672
678,Bulgaria,BGR,2006 [YR2006],25.3339270509453,69.9716652858326,0.394421190023422,47.7948303222656,294.10891724,72.6121951219512,70.5075225830078
679,Bulgaria,BGR,2007 [YR2007],24.6687943735139,69.4718534204953,0.357635468244553,51.2403411865234,361.23498535,72.6634146341463,70.6844177246094
680,Bulgaria,BGR,2008 [YR2008],23.8749930848315,68.98592210662,0.369860708713531,52.6504096984863,455.54058838,72.9634146341463,70.902099609375
681,Bulgaria,BGR,2009 [YR2009],23.2099399887774,68.5744565217391,0.353678971529007,55.0083694458008,459.30020142,73.4121951219512,71.3017349243164
682,Bulgaria,BGR,2010 [YR2010],22.9310518892306,68.1245302137067,0.360091060400009,58.354850769043,484.75228882,73.5121951219512,71.5149307250977
683,Bulgaria,BGR,2011 [YR2011],26.1914143794342,67.6890935887988,0.301750302314758,59.8246803283691,555.86419678,74.1634146341463,72.6101653885532
684,Bulgaria,BGR,2012 [YR2012],23.0863811610061,67.2981577008106,0.379833996295929,62.1616516113281,558.64794922,74.3146341463415,72.7684860229492
685,Bulgaria,BGR,2013 [YR2013],21.490052956786,65.9543570375829,0.170710384845734,68.2013397216797,547.45483398,74.8609756097561,72.9632821572019
686,Bulgaria,BGR,2014 [YR2014],21.9921500133613,65.1581798084009,0.0785408988595009,72.981559753418,605.25891113,74.4658536585366,73.0844879150391
687,Bulgaria,BGR,2015 [YR2015],20.7936901250081,64.3351602800295,0.010424641892314,78.2999572753906,521.41906738,74.6146341463415,73.1030578613281
688,Bulgaria,BGR,2016 [YR2016],19.979167405734,63.5053334561533,0.0682793706655502,80.6399612426758,562.34082031,74.8121951219512,73.1750030517578
689,Bulgaria,BGR,2017 [YR2017],20.0337858184501,62.6701179071481,0.321379661560059,81.2245864868164,624.55499268,74.8146341463415,73.3904571533203
690,Bulgaria,BGR,2018 [YR2018],19.7159830127087,61.816488577745,0.444411188364029,83.134880065918,689.90539551,74.9634146341464,73.600212097168
691,Bulgaria,BGR,2019 [YR2019],17.5380256575647,60.9499447310243,0.561284422874451,84.7503128051758,697.8961792,75.1121951219512,73.7162322998047
695,Burkina Faso,BFA,2002 [YR2002],62.2240148148469,46.348307748538,-0.306921243667603,1.34107005596161,8.48715401,51.447,19.725053583448
696,Burkina Faso,BFA,2003 [YR2003],62.0579085352073,47.8162719298246,0.0671200677752495,1.50508999824524,11.38967419,51.959,20.563327262892
698,Burkina Faso,BFA,2005 [YR2005],61.6679398171137,50.9215021929825,-0.0626529157161713,2.14314007759094,17.43081665,53.271,22.0179778440204
699,Burkina Faso,BFA,2006 [YR2006],61.4372319070742,52.5354788011696,0.155799552798271,2.25787997245789,20.56399536,53.784,22.5528306908743
700,Burkina Faso,BFA,2007 [YR2007],61.0944586765371,54.1531688596491,0.307008683681488,2.40549993515015,26.93720627,54.377,22.9741760828193
701,Burkina Faso,BFA,2008 [YR2008],60.5949708835501,55.7678837719298,0.118724599480629,2.92968010902405,28.79026413,55.199,23.3633747838557
702,Burkina Faso,BFA,2009 [YR2009],59.8941192861613,57.419831871345,0.0340402871370316,3.26682996749878,30.56930923,55.791,23.7452325601116
703,Burkina Faso,BFA,2010 [YR2010],58.9472546424185,59.1246271929825,-0.117637142539024,3.34944579587797,32.74515533,56.343,24.115092498158
704,Burkina Faso,BFA,2011 [YR2011],55.571613014377,60.8987865497076,-0.55538147687912,3.91906920981907,33.70409393,57.001,24.4682976845657
705,Burkina Faso,BFA,2012 [YR2012],61.7629044746867,62.764206871345,-0.573129236698151,4.33792685706514,33.66717529,57.457,24.8001912059054
706,Burkina Faso,BFA,2013 [YR2013],48.6056903850732,64.6762024853801,-0.763390123844147,4.57338342077701,42.26796341,57.903,25.106116148748
707,Burkina Faso,BFA,2014 [YR2014],49.9195641760489,66.6281469298246,-0.787128567695618,4.89539917725699,38.24516678,58.331,25.3814155996643
708,Burkina Faso,BFA,2015 [YR2015],71.873244459767,68.6311659356725,-0.609127342700958,4.90356866333498,32.3375206,58.778,25.621432645225
709,Burkina Faso,BFA,2016 [YR2016],66.0917117316937,70.6683333333333,-0.868710696697235,5.40541465878063,39.52329254,59.173,25.821510372001
710,Burkina Faso,BFA,2017 [YR2017],60.3100692778775,72.713475877193,-0.927885830402374,5.8341880408112,42.94480133,59.578,25.9769918665632
711,Burkina Faso,BFA,2018 [YR2018],58.1036119011901,74.7013450292398,-1.06026446819305,6.31826110291158,38.91588593,59.972,26.0832202154822
712,Burkina Faso,BFA,2019 [YR2019],50.7057233570721,76.6153216374269,-1.30219399929047,6.90532594926159,41.05052185,60.184,26.1187254401157
714,Burundi,BDI,2000 [YR2000],30.3753381723827,251.954595015576,-2.01407074928284,1.05474996566773,5.67927122,47.617,8.04381449833197
716,Burundi,BDI,2002 [YR2002],29.9953531299826,265.73722741433,-2.28477239608765,1.60111999511719,6.46998882,49.924,8.45108277415092
718,Burundi,BDI,2004 [YR2004],29.4125346425656,284.682866043614,-2.52275967597961,2.10109996795654,8.88248062,52.217,8.9185547789176
719,Burundi,BDI,2005 [YR2005],29.2939247076132,295.455568535826,-1.52337801456451,2.13503003120422,11.13118172,53.053,9.1806167624459
720,Burundi,BDI,2006 [YR2006],29.2878299286332,306.290771028037,-1.42777347564697,2.16554999351502,14.10514736,53.962,9.4646291775586
721,Burundi,BDI,2007 [YR2007],29.2950472941046,317.829984423676,-1.377925157547,2.26625990867615,15.26294613,54.832,9.77289185737152
722,Burundi,BDI,2008 [YR2008],29.3201159719253,331.216394080997,-1.63649833202362,2.49793004989624,14.67025566,55.581,10.1064353383035
723,Burundi,BDI,2009 [YR2009],29.3675751299931,348.428582554517,-1.27144265174866,2.6779100894928,18.31996346,56.422,10.4979900434482
724,Burundi,BDI,2010 [YR2010],29.441963936206,365.126323987539,-1.6259593963623,3.05528938002435,24.45114708,57.088,10.9843097335487
726,Burundi,BDI,2012 [YR2012],30.6146104955934,392.173987538941,-1.7047381401062,2.92052732762984,20.01195908,58.501,12.2244596804615
727,Burundi,BDI,2013 [YR2013],29.7513341993496,406.516394080997,-1.35027754306793,3.70341642841244,20.26322556,59.179,12.9670962745892
728,Burundi,BDI,2014 [YR2014],31.2135166042476,420.552375389408,-0.784407138824463,4.46892058042299,18.06601143,59.764,13.7839781740413
729,Burundi,BDI,2015 [YR2015],30.120746318795,430.201713395639,-1.93744611740112,5.25856537918645,17.67567825,60.107,14.6695085474754
730,Burundi,BDI,2016 [YR2016],30.7630623664928,437.673325545171,-1.96437513828278,3.97908916361797,18.59472847,60.789,15.6180905635494
731,Burundi,BDI,2017 [YR2017],29.3039698472733,448.082632398754,-2.00257515907288,4.30528005798307,19.16801643,61.345,16.6241273909209
732,Burundi,BDI,2018 [YR2018],28.3384994863636,461.816433021807,-1.57027816772461,4.55281922933846,18.67819214,61.806,17.6820221982475
735,Cabo Verde,CPV,2000 [YR2000],48.4324410047037,112.485607940447,1.22359979152679,1.77746999263763,59.54011154,68.117,53.9332149202283
737,Cabo Verde,CPV,2002 [YR2002],45.2233549764447,115.892307692308,0.729621529579163,3.76713991165161,69.12203979,69.447,55.5703407979481
738,Cabo Verde,CPV,2003 [YR2003],42.1421586131377,117.46476426799,0.918948590755463,4.45262002944946,84.6628952,70.006,56.3297071979641
739,Cabo Verde,CPV,2004 [YR2004],38.9033366143938,118.950372208437,1.03930127620697,5.89057016372681,93.43228912,70.499,57.0677167011018
740,Cabo Verde,CPV,2005 [YR2005],36.1269964282243,120.375930521092,0.754638612270355,7.33844995498657,96.08917999,70.936,57.7977695763157
741,Cabo Verde,CPV,2006 [YR2006],33.4651817989408,121.768734491315,0.962325036525726,8.3322696685791,113.13097382,71.341,58.5332660925599
742,Cabo Verde,CPV,2007 [YR2007],30.4994592050793,123.124069478908,0.877260088920593,9.42763996124268,127.73626709,71.487,59.287606518789
743,Cabo Verde,CPV,2008 [YR2008],27.7442201959867,124.40570719603,0.81338632106781,11.6451501846313,127.78376007,71.888,60.0741911239572
744,Cabo Verde,CPV,2009 [YR2009],25.71385632101,125.593300248139,0.818449318408966,14.5845203399658,130.19699097,72.142,60.906420177019
745,Cabo Verde,CPV,2010 [YR2010],24.9227591294962,126.497270471464,0.840972781181335,17.2396798150949,146.0806427,72.507,61.7974262732302
746,Cabo Verde,CPV,2011 [YR2011],42.201991220723,126.909925558313,0.722605228424072,19.8174684695304,157.06980896,72.913,62.7419929036884
747,Cabo Verde,CPV,2012 [YR2012],51.1112334865799,127.035980148883,0.809086382389069,19.8951290654347,174.66062927,73.315,63.7260454520996
748,Cabo Verde,CPV,2013 [YR2013],36.414675879692,127.102977667494,0.777999877929688,22.2468122776255,191.1048584,73.481,64.7486207521826
749,Cabo Verde,CPV,2014 [YR2014],31.3508458881205,127.128039702233,0.350779145956039,23.2703965538205,193.39482117,73.788,65.8085112712742
750,Cabo Verde,CPV,2015 [YR2015],51.4204136901671,127.144913151365,0.855819821357727,22.524027665499,150.28823853,74.096,66.9045094767116
751,Cabo Verde,CPV,2016 [YR2016],43.0314900855625,127.184615384615,0.871190190315247,23.6934975221505,157.39906311,74.35,68.0354078358316
752,Cabo Verde,CPV,2017 [YR2017],53.8692623569653,127.268734491315,0.762865543365479,24.5594648459854,184.75575256,74.71,69.1999988159713
753,Cabo Verde,CPV,2018 [YR2018],31.7384229474609,127.398263027295,0.833261907100677,24.2905954414767,204.45397949,74.84,70.3970748844677
756,Cambodia,KHM,2000 [YR2000],29.7987214798005,70.6001359619307,-0.776030659675598,1.86557996273041,19.28210449,59.491,18.6242216655572
758,Cambodia,KHM,2002 [YR2002],30.0191592913356,72.8259743938364,-0.72216534614563,2.33661007881165,24.26277161,61.395,18.803641734126
759,Cambodia,KHM,2003 [YR2003],30.098509540539,73.934783593927,-0.652008533477783,3.01460003852844,25.00942993,62.345,18.8881765274479
760,Cambodia,KHM,2004 [YR2004],30.1032587946087,75.0324665760254,-0.407748281955719,3.07344007492065,28.81097794,63.256,18.9813615262763
761,Cambodia,KHM,2005 [YR2005],29.9928906354765,76.1341604350782,-0.393915474414825,3.77035999298096,32.33904266,64.113,19.0922720052225
762,Cambodia,KHM,2006 [YR2006],29.6130476724133,77.2661907999094,-0.345979183912277,6.20005989074707,32.844944,64.886,19.2299832388976
763,Cambodia,KHM,2007 [YR2007],28.8642622907811,78.4147405393157,-0.363606303930283,7.67417001724243,30.77592659,65.549,19.4035705019128
764,Cambodia,KHM,2008 [YR2008],27.7883527366484,79.6140890550646,-0.298690915107727,8.92994976043701,48.62422562,66.147,19.6574509865325
765,Cambodia,KHM,2009 [YR2009],26.427137256084,80.8792771357353,-0.560373842716217,10.6747398376465,55.25073624,66.747,20.1979728726519
766,Cambodia,KHM,2010 [YR2010],24.8224340951565,82.1477792884659,-0.50098443031311,12.1998596191406,53.58575439,67.311,21.1232251168762
767,Cambodia,KHM,2011 [YR2011],21.6807107694691,83.4046227056424,-0.304419666528702,11.4902860215331,65.3871994,67.869,22.3824788531276
771,Cambodia,KHM,2015 [YR2015],21.599028896344,88.5069737140267,0.0633481442928314,13.615484963166,71.56456757,69.398,30.0669222549819
773,Cambodia,KHM,2017 [YR2017],20.7075312769695,91.0569453886245,0.0935096517205238,12.5181529981862,77.97311401,69.842,35.0127905056235
774,Cambodia,KHM,2018 [YR2018],22.9919425508182,92.1964763199638,0.110921673476696,13.2671737077763,91.59080505,69.993,37.6404336372742
775,Cambodia,KHM,2019 [YR2019],22.9738017157091,93.3679129843644,-0.0754886493086815,12.9409846754696,112.5851059,70.127,39.5830241256026
777,Cameroon,CMR,2000 [YR2000],45.7765448305697,31.5471028749127,-0.564015805721283,4.69010019302368,30.438097,53.338,46.2449829402599
779,Cameroon,CMR,2002 [YR2002],44.0134690694333,33.2667555160669,-0.677264809608459,5.15587997436523,31.79577446,53.922,47.2589242513436
780,Cameroon,CMR,2003 [YR2003],42.4671529656498,34.1865837405598,-0.429470658302307,5.22031021118164,38.56394196,54.253,47.7325523560061
781,Cameroon,CMR,2004 [YR2004],41.0621212442889,35.1388525734594,-0.359356343746185,5.22725009918213,42.25278473,54.578,48.1826845960942
782,Cameroon,CMR,2005 [YR2005],40.2367263037752,36.1206532546381,-0.182024568319321,6.03904008865356,43.10830688,54.904,48.5837852394685
783,Cameroon,CMR,2006 [YR2006],39.9040005509672,37.1272175329483,-0.244705229997635,7.07693004608154,44.52022934,55.301,49.2044173412861
784,Cameroon,CMR,2007 [YR2007],39.6581260562121,38.1838674874659,-0.32610896229744,7.57396984100342,50.30911255,55.71,49.7027028593758
785,Cameroon,CMR,2008 [YR2008],39.4591797131676,39.2927080027924,-0.552110910415649,8.20874977111816,54.58909225,56.116,50.0858325268669
786,Cameroon,CMR,2009 [YR2009],39.2672384154914,40.4348839669142,-0.474782139062881,9.40400981903076,51.14823914,56.486,50.4714131335678
787,Cameroon,CMR,2010 [YR2010],39.0423790568413,41.607044488164,-0.736971437931061,11.5745716750246,50.03335571,56.965,50.8505075371362
788,Cameroon,CMR,2011 [YR2011],38.5923305752451,42.8006684859639,-0.661687970161438,12.5102445161105,58.33031845,57.482,51.2229843034125
789,Cameroon,CMR,2012 [YR2012],41.8537414482327,44.0217659876034,-0.588517427444458,13.5363302230835,56.96441269,58.17,51.5887119982861
790,Cameroon,CMR,2013 [YR2013],37.1006966036381,45.2759112352182,-0.53223729133606,15.7712802886963,57.22771454,58.73,51.9475591877024
791,Cameroon,CMR,2014 [YR2014],37.009069026736,46.6668634046244,-1.05925238132477,16.7535896301269,71.61038208,59.13,52.2993944376709
792,Cameroon,CMR,2015 [YR2015],51.9499452409616,48.1551352837892,-0.989914000034332,17.2970758627753,58.38298035,59.687,52.6440863142742
793,Cameroon,CMR,2016 [YR2016],44.7692534342126,49.6163842525015,-1.06121301651001,12.7046554004596,57.99372482,60.293,52.9815033836792
794,Cameroon,CMR,2017 [YR2017],43.2149077099804,51.0431363838294,-1.09150505065918,12.9818161813936,56.7457695,60.817,53.3115142121504
795,Cameroon,CMR,2018 [YR2018],40.8875596706757,52.4769583888642,-1.40180146694183,14.5449548868213,58.32909393,61.189,53.6339873660653
796,Cameroon,CMR,2019 [YR2019],40.7355761870464,53.9571724736096,-1.56182324886322,15.0528614131463,56.79493713,61.695,53.9487914119331
798,Canada,CAN,2000 [YR2000],9.79565640755295,3.42261133957721,1.16752684116364,58.5191192626953,1988.15942383,79.1668292682927,78.6292995508947
800,Canada,CAN,2002 [YR2002],9.72810868247048,3.497728426127,1.21803176403046,58.4131507873535,2134.84960938,79.5307317073171,79.0990234802234
805,Canada,CAN,2007 [YR2007],9.08026235211045,3.66834597611535,1.00701069831848,63.8298110961914,4185.21777344,80.5436585365854,80.4425615136782
806,Canada,CAN,2008 [YR2008],8.66701975000882,3.70832237476842,1.0413726568222,64.3074111938477,4451.32373047,80.7246341463415,80.6628944916604
807,Canada,CAN,2009 [YR2009],8.21952738825148,3.75101571675707,1.12707591056824,63.6236991882324,4354.06298828,81.0660975609756,80.8591838893921
808,Canada,CAN,2010 [YR2010],7.79521960926122,3.79293521117963,0.936318218708038,61.8845901489258,5062.48291016,81.3221951219512,81.0120892252937
809,Canada,CAN,2011 [YR2011],7.37287638245787,3.83011279793076,1.07717573642731,63.1586990356445,5401.61523438,81.4826829268293,81.1031425434213
810,Canada,CAN,2012 [YR2012],7.58558915249491,3.8718472515473,1.11301624774933,63.603271484375,5520.62207031,81.6636585365854,81.1513483248791
811,Canada,CAN,2013 [YR2013],7.26096632331949,3.91284812265562,1.06142175197601,65.7477188110352,5462.15673828,81.7448780487805,81.183439957458
812,Canada,CAN,2014 [YR2014],7.38092988336422,3.9522291338328,1.17550384998322,67.1677017211914,5212.00878906,81.7843902439025,81.211183161556
813,Canada,CAN,2015 [YR2015],7.11576183142395,3.98239245827659,1.26233685016632,67.2690963745117,4660.79833984,81.8258536585366,81.2465670276699
814,Canada,CAN,2016 [YR2016],6.40675155079521,4.02771072511681,1.24041163921356,69.2459411621094,4649.12109375,81.94,81.3023011093703
815,Canada,CAN,2017 [YR2017],7.04492025305158,4.07614836279598,1.08968114852905,70.2687072753906,4899.25390625,81.8129268292683,81.4018945832226
816,Canada,CAN,2018 [YR2018],7.09175111254794,4.13498944297029,0.963971078395844,69.3507232666016,5062.38476563,81.8087804878049,81.5500341646653
817,Canada,CAN,2019 [YR2019],6.22680169266749,4.19587500655283,0.994933545589447,73.1128768920898,5103.84130859,82.1636585365854,81.7363672047941
861,Central African Republic,CAF,2000 [YR2000],34.1089018072999,6.15335323766413,-1.12044250965118,1.94369995594025,9.9123354,46.609,37.7014879765364
865,Central African Republic,CAF,2004 [YR2004],32.5614114674204,6.73027384506726,-1.42424488067627,1.66786003112793,12.96809387,47.696,37.9626889392062
867,Central African Republic,CAF,2006 [YR2006],32.4290832518178,7.02683713762882,-1.85155153274536,1.08675003051758,15.15495491,48.687,38.134433681123
869,Central African Republic,CAF,2008 [YR2008],32.7298504736865,7.31802626087515,-1.84381413459778,2.16495990753174,18.02888489,49.873,38.3474489192338
870,Central African Republic,CAF,2009 [YR2009],32.9716182625124,7.26997174869177,-1.90398991107941,2.30814003944397,21.37773895,14.665,38.476675697093
871,Central African Republic,CAF,2010 [YR2010],33.2644237034772,7.21210151208707,-2.0206253528595,2.53881001472473,17.01008034,46.871,38.6244963104203
872,Central African Republic,CAF,2011 [YR2011],34.7387675481675,7.32771678063501,-1.78938913345337,2.95497989654541,19.62990761,50.107,38.8030669465007
873,Central African Republic,CAF,2012 [YR2012],36.1271180308768,7.40127772962214,-1.85292291641235,2.77519989013672,21.33021736,51.336,39.0301696038517
903,Chad,TCD,2000 [YR2000],56.9478334024862,6.75992137865311,-1.13475406169891,0.79297000169754,10.07452297,47.937,21.6527690760484
906,Chad,TCD,2003 [YR2003],55.8923266132371,7.53481019695044,-1.37243020534515,0.942139983177185,18.0202446,48.609,21.7207031172239
907,Chad,TCD,2004 [YR2004],55.341182208153,7.87804637865311,-1.53945684432983,1.20975995063782,27.74994278,48.687,21.7377792120134
908,Chad,TCD,2005 [YR2005],54.8605788849799,8.20210609911055,-1.44223713874817,1.4159699678421,31.27608871,48.86,21.7519046977973
911,Chad,TCD,2008 [YR2008],53.225172822863,9.11395806861499,-1.96519660949707,1.95048999786377,36.89921951,49.503,21.7755796038887
912,Chad,TCD,2009 [YR2009],52.804330735898,9.44548443456163,-1.72622966766357,2.01651000976562,34.82435226,49.828,21.7784396568755
913,Chad,TCD,2010 [YR2010],52.6348532986167,9.77809323379924,-1.52482771873474,2.0962732183809,35.26005936,50.107,21.8472378191095
914,Chad,TCD,2011 [YR2011],54.1504227714591,10.1294448856417,-1.31808519363403,2.21312898390939,37.35868073,50.426,21.9558736797638
917,Chad,TCD,2014 [YR2014],46.8052788415437,11.2680098475222,-1.56888270378113,3.38820626861646,42.16276169,51.141,22.5294513486009
918,Chad,TCD,2015 [YR2015],64.3827504839855,11.6324817344346,-0.973281741142273,3.22750677590433,33.82092285,51.32,22.8011258828974
945,Chile,CHL,2000 [YR2000],28.0634138695562,20.8513352485165,0.485464155673981,35.4313201904297,353.25033569,77.128,86.2710912457813
947,Chile,CHL,2002 [YR2002],27.5666336657884,21.3278312164103,1.08879637718201,40.2664985656738,319.53222656,77.84,86.6114115090282
948,Chile,CHL,2003 [YR2003],27.1654672454526,21.5522021917012,0.761611938476562,43.5181999206543,346.1635437,77.884,86.6792973033246
949,Chile,CHL,2004 [YR2004],26.6987521826339,21.7708477913526,0.691341698169708,44.3284606933594,422.96481323,78.276,86.7336754490112
950,Chile,CHL,2005 [YR2005],26.193715154696,21.9879951367258,0.842383623123169,50.2735595703125,495.56002808,78.459,86.7768244484887
951,Chile,CHL,2006 [YR2006],25.4313218784945,22.2037450977228,0.613005876541138,49.3216896057129,565.8493042,78.533,86.8125123390851
952,Chile,CHL,2007 [YR2007],24.358253457235,22.4221432298812,0.406370878219604,54.7230491638184,643.05963135,78.652,86.8445071581285
953,Chile,CHL,2008 [YR2008],23.2503096478062,22.6472942657478,0.431912958621979,56.7743988037109,719.07501221,78.752,86.8765769429469
954,Chile,CHL,2009 [YR2009],22.3832902070972,22.876931994857,0.602584421634674,59.9912910461426,730.63336182,78.89,86.9124897308683
955,Chile,CHL,2010 [YR2010],22.0329948919966,23.107901206673,0.679604530334473,66.3445205688477,861.72436523,79.095,86.9560135592209
956,Chile,CHL,2011 [YR2011],22.8717891996678,23.3370130673596,0.452553361654282,70.8241806030273,984.4486084,79.236,87.0109164653326
957,Chile,CHL,2012 [YR2012],21.9147180810935,23.5620242302954,0.331102102994919,75.0770721435547,1070.51293945,79.221,87.0824943735696
958,Chile,CHL,2013 [YR2013],23.7625028118101,23.7878208335351,0.363742530345917,79.8703384399414,1171.77038574,79.551,87.1827777654221
959,Chile,CHL,2014 [YR2014],23.0317537681692,24.0860324163393,0.447516918182373,83.6629791259766,1138.66113281,79.714,87.3133701497978
960,Chile,CHL,2015 [YR2015],24.2782298076617,24.333348398175,0.424871742725372,86.4181137084961,1122.13378906,80.008,87.4653320342387
961,Chile,CHL,2016 [YR2016],24.2218424802596,24.6093854617587,0.402406215667725,88.8458862304688,1167.89306641,80.295,87.6306290578181
962,Chile,CHL,2017 [YR2017],23.4116041349236,25.002288872834,0.406281590461731,89.921989440918,1353.69274902,80.61,87.8000295757281
963,Chile,CHL,2018 [YR2018],23.0512130318909,25.4526848895971,0.412769764661789,91.1974792480469,1430.70263672,80.559,87.9620493753008
964,Chile,CHL,2019 [YR2019],22.7323927701622,25.84400416762,-0.0161215793341398,92.0659713745117,1348.99401855,80.324,88.1273685623538
966,China,CHN,2000 [YR2000],50.299193183916,134.492481002789,-0.20991687476635,7.57777976989746,42.80797577,72.288,36.4320234662299
968,China,CHN,2002 [YR2002],50.9679256961335,136.383779609948,-0.327627182006836,11.8050804138184,49.92394638,73.034,39.0897827148438
969,China,CHN,2003 [YR2003],51.2610436241453,137.235919250104,-0.56535792350769,14.513970375061,56.54468155,73.385,40.5302314758301
970,China,CHN,2004 [YR2004],51.4496229654785,138.053436689892,-0.39068067073822,16.9004402160644,64.28150177,73.727,41.7600135803223
971,China,CHN,2005 [YR2005],51.4758839441727,138.867766063821,-0.501756608486176,18.6565208435059,73.00266266,74.085,42.9899978637695
972,China,CHN,2006 [YR2006],50.9696705667541,139.645342881819,-0.540030121803284,20.5667705535889,82.48256683,74.404,44.3430099487305
973,China,CHN,2007 [YR2007],49.8862602874654,140.376588050196,-0.500553727149963,21.4715595245361,98.5569458,74.789,45.8892440795898
974,China,CHN,2008 [YR2008],48.6560235019206,141.097705219827,-0.49308842420578,21.8667392730713,133.83999634,74.833,46.9895057678223
975,China,CHN,2009 [YR2009],47.7093306057335,141.801244134798,-0.451781332492828,23.2886295318604,164.87619019,75.317,48.3417053222656
976,China,CHN,2010 [YR2010],47.4765519945183,142.487743405,-0.65706068277359,25.2883066277701,188.87156677,75.668,49.2340270628041
977,China,CHN,2011 [YR2011],51.34994369566,143.268509836432,-0.602054834365845,26.7875039907406,239.19824219,75.889,51.8300285339355
978,China,CHN,2012 [YR2012],48.1207251131123,144.243669001474,-0.538782060146332,29.3081906903292,284.69760132,76.2,53.1003112792969
979,China,CHN,2013 [YR2013],58.4662215596184,145.207643927049,-0.543789923191071,32.7191603158803,329.08572388,76.452,54.4900016784668
980,China,CHN,2014 [YR2014],54.5688342973092,146.125816729087,-0.522584021091461,43.7110051016854,362.28695679,76.714,55.7502555847168
981,China,CHN,2015 [YR2015],50.832537964484,146.977949259981,-0.552559673786163,47.1192619330726,393.09768677,76.975,57.3297843933105
982,China,CHN,2016 [YR2016],46.8324682508133,147.822641376791,-0.502221345901489,49.309077375597,398.17489624,77.214,58.8399238586426
983,China,CHN,2017 [YR2017],45.8369336166997,148.720043543977,-0.232558101415634,51.0678812273407,439.94006348,77.235,60.2402687072754
984,China,CHN,2018 [YR2018],40.2663875187565,149.417194545073,-0.298572480678558,53.3987984572814,504.10980225,77.709,61.5001983642578
985,China,CHN,2019 [YR2019],37.5475753654351,149.948179684945,-0.259780675172806,56.6050917923292,538.99157715,77.94,62.7099151611328
987,Colombia,COL,2000 [YR2000],25.3637180153758,35.2320270392068,-1.60896074771881,25.5096893310547,134.71453857,70.905,74.3493570179247
989,Colombia,COL,2002 [YR2002],23.929353614622,36.3449121225777,-1.95671439170837,26.5130996704102,132.18363953,71.537,75.192444355543
991,Colombia,COL,2004 [YR2004],21.8887421322682,37.4431464623704,-2.27122640609741,29.5034599304199,159.61109924,72.76,75.8080569479496
992,Colombia,COL,2005 [YR2005],21.1523997621787,37.9711374493015,-2.05794286727905,32.253978729248,209.68319702,73.156,76.004938901378
993,Colombia,COL,2006 [YR2006],20.6003919283618,38.477768364128,-1.90479671955109,34.3662109375,240.10488892,73.497,76.1619191918164
994,Colombia,COL,2007 [YR2007],20.0641639163964,38.9683406940063,-1.80652725696564,35.4785308837891,309.61691284,73.751,76.3144038775849
995,Colombia,COL,2008 [YR2008],19.6051288373421,39.4401153672826,-1.85346233844757,37.9448013305664,379.16812134,74.206,76.4596761810047
996,Colombia,COL,2009 [YR2009],19.284699802258,39.9022451554754,-1.83234584331512,39.5088005065918,383.91674805,74.531,76.5964145836792
997,Colombia,COL,2010 [YR2010],19.1642899222037,40.3581063542136,-1.53718483448029,41.529670715332,452.44281006,74.876,76.7232975672119
998,Colombia,COL,2011 [YR2011],20.5518377125816,40.7928021631365,-1.28465557098389,45.2873306274414,501.84420776,75.18,76.839003613206
999,Colombia,COL,2012 [YR2012],18.1430860286647,41.2039747634069,-1.40181040763855,47.4669914245605,547.00732422,75.611,76.942211203265
1000,Colombia,COL,2013 [YR2013],18.9282488611578,41.5967408742677,-1.29197180271149,50.7474899291992,580.96453857,75.834,77.0315988189922
1001,Colombia,COL,2014 [YR2014],18.33821147907,41.969742226228,-1.11459410190582,53.1794395446777,588.29449463,75.95,77.1058449419909
1002,Colombia,COL,2015 [YR2015],17.6079787372288,42.3343307796305,-1.0726637840271,54.7961311340332,470.099823,76.067,77.1636280538646
1003,Colombia,COL,2016 [YR2016],17.312215487627,42.7557566471383,-0.887163996696472,57.1437492370605,448.84588623,76.228,77.2036266362166
1004,Colombia,COL,2017 [YR2017],17.2528522521135,43.3808724650744,-0.779457807540894,58.3960418701172,497.54016113,76.418,77.2245191706503
1005,Colombia,COL,2018 [YR2018],16.0492875724803,44.1860883280757,-0.806941986083984,57.3205413818359,519.82202148,76.579,77.2804816598084
1006,Colombia,COL,2019 [YR2019],14.5158658042874,44.9824109959441,-0.979486107826233,56.6663017272949,503.53485107,76.793,77.4595528518377
1008,Comoros,COM,2000 [YR2000],12.1137641535542,288.060182697474,0.022758649662137,1.60367000102997,47.59433365,58.941,28.0360512192055
1011,Comoros,COM,2003 [YR2003],12.0484914054266,306.178398710371,-0.673140525817871,3.42070007324219,63.91786194,60.24,27.9448864609618
1015,Comoros,COM,2007 [YR2007],11.7137381490151,331.502955400322,-1.0954577922821,4.39438009262085,69.87202454,61.475,28.2493321448949
1017,Comoros,COM,2009 [YR2009],11.4219416082868,344.94734013971,-0.765267729759216,6.19504022598267,69.4848938,62.302,28.6217975367563
1018,Comoros,COM,2010 [YR2010],11.3687010835918,351.873186458893,-0.562939286231995,7.90405216581276,69.21523285,62.747,28.8540982913801
1019,Comoros,COM,2011 [YR2011],12.3436803657737,358.976894142934,-0.552736103534698,9.48193229364778,81.19863892,63.105,29.1136750253686
1020,Comoros,COM,2012 [YR2012],11.639647170545,366.270822138635,-0.452308028936386,10.5360636883691,77.10220337,63.463,29.397950693899
1021,Comoros,COM,2013 [YR2013],12.2675890585181,374.095647501343,-0.256929188966751,9.13247966766357,81.81765747,63.839,29.7043482521482
1022,Comoros,COM,2014 [YR2014],11.3961592947192,382.322944653412,-0.186910167336464,9.5927242808028,84.63935852,64.143,30.0302906552932
1025,Comoros,COM,2017 [YR2017],10.8598778552179,406.592692101021,0.0224080048501492,18.8190281456697,75.01337433,65.127,31.0996559689293
1035,"Congo, Dem. Rep.",COD,2006 [YR2006],26.7037628752257,26.7377905207208,-2.24673223495483,4.20873022079468,10.37645721,54.498,37.8024827128113
1036,"Congo, Dem. Rep.",COD,2007 [YR2007],26.5117141592672,27.5590533953817,-2.1784999370575,4.20303010940552,11.5629034,54.954,38.201781337298
1037,"Congo, Dem. Rep.",COD,2008 [YR2008],26.2893989003023,28.4028424604662,-2.00307631492615,5.27932977676392,15.36659527,55.388,38.5997245210844
1038,"Congo, Dem. Rep.",COD,2009 [YR2009],26.1056837144972,29.2944769634547,-2.00098276138306,6.261549949646,12.75762081,55.798,38.9962670496049
1040,"Congo, Dem. Rep.",COD,2011 [YR2011],26.6005338893647,31.2517637458371,-2.21298933029175,7.55883979797363,11.89942932,56.911,39.7849692825859
1041,"Congo, Dem. Rep.",COD,2012 [YR2012],26.7077484248202,32.3127491674202,-2.08589291572571,7.63979005813599,13.20595551,57.35,40.1770385579151
1042,"Congo, Dem. Rep.",COD,2013 [YR2013],26.1166767334607,33.430844048433,-2.19219064712524,6.37279987335205,15.37901688,57.795,40.5675263197158
1045,"Congo, Dem. Rep.",COD,2016 [YR2016],26.7550295099953,37.0333318629938,-2.22458934783936,5.9003701210022,19.3114109,59.081,41.7290483782911
1050,"Congo, Rep.",COG,2000 [YR2000],26.8744350810291,9.22795021961933,-0.922982037067413,5.24350023269653,17.35089302,55.371,58.8947380255871
1052,"Congo, Rep.",COG,2002 [YR2002],27.5563371013383,9.81192093704246,-1.58716797828674,3.7616400718689,16.99031258,56.414,59.9716066874511
1053,"Congo, Rep.",COG,2003 [YR2003],27.9068073673279,10.0900527086384,-1.17022037506104,3.79619002342224,21.51475716,57.131,60.4694583791889
1059,"Congo, Rep.",COG,2009 [YR2009],27.1705527263541,12.5365124450952,-0.250487625598907,5.87968015670776,48.65313721,61.215,62.2172294650265
1061,"Congo, Rep.",COG,2011 [YR2011],27.8579991372168,13.4984597364568,-0.354300379753113,7.95887994766235,59.51348114,62.286,62.5597508130231
1062,"Congo, Rep.",COG,2012 [YR2012],28.5447582283734,13.8812591508053,-0.489689856767654,9.09545040130615,71.2766571,62.662,62.7187169094345
1063,"Congo, Rep.",COG,2013 [YR2013],28.1202914351675,14.2228374816984,-0.475050121545792,8.56632041931152,71.85824585,62.969,62.8682817180686
1067,"Congo, Rep.",COG,2017 [YR2017],28.5831067984323,15.6691390922401,-0.533614814281464,12.1461896896362,52.29982376,64.203,63.3544545340423
1075,Costa Rica,CRI,2004 [YR2004],20.4200904256551,82.257696827262,0.631576538085938,25.8056793212891,293.77548218,78.512,63.6596013546005
1082,Costa Rica,CRI,2011 [YR2011],19.4251836697019,90.2826674500588,0.508276045322418,44.6711883544922,753.42633057,79.624,72.8426586679914
1083,Costa Rica,CRI,2012 [YR2012],17.9369232929949,91.3422248335292,0.638402462005615,46.6885414123535,788.53100586,79.925,73.3895020668217
1084,Costa Rica,CRI,2013 [YR2013],18.4901589297792,92.3648061104583,0.677918016910553,47.5057106018066,829.93658447,80.189,73.9431776192863
1085,Costa Rica,CRI,2014 [YR2014],17.5539609994868,93.3630826478653,0.577418208122253,50.3342781066895,836.23120117,80.231,74.4866963181212
1086,Costa Rica,CRI,2015 [YR2015],17.6636155108417,94.360321190756,0.669974029064178,51.2845802307129,889.3762207,80.407,75.0198195767549
1087,Costa Rica,CRI,2016 [YR2016],16.8973562895418,95.3191931061496,0.648553013801575,51.6516418457031,884.73028564,79.988,75.5423088085047
1088,Costa Rica,CRI,2017 [YR2017],17.165875341513,96.2235996866432,0.597007215023041,54.4492301940918,867.76733398,79.994,76.0539254265608
1089,Costa Rica,CRI,2018 [YR2018],15.1307436338713,97.0978848413631,0.453386008739471,52.6140899658203,917.31018066,80.09,76.5544308439668
1090,Costa Rica,CRI,2019 [YR2019],13.3766440949763,97.9152565609087,0.430319964885712,55.0202903747559,930.43511963,80.296,77.0435864735963
1099,Cote d'Ivoire,CIV,2007 [YR2007],44.8474289608794,66.1338301886792,-1.83957278728485,7.9370698928833,56.15083694,53.452,45.930317338965
1100,Cote d'Ivoire,CIV,2008 [YR2008],43.2650342152048,67.6554685534591,-1.80406737327576,7.48366022109985,64.67678833,54.179,46.3620274395029
1101,Cote d'Ivoire,CIV,2009 [YR2009],42.0688429691795,69.1759119496855,-1.32086253166199,7.18858003616333,71.06480408,54.744,46.7979596502274
1102,Cote d'Ivoire,CIV,2010 [YR2010],41.595297944419,70.7171855345912,-1.5838942527771,6.53099472386889,70.04605103,55.282,47.2374301523201
1103,Cote d'Ivoire,CIV,2011 [YR2011],49.5497020681304,72.2704402515723,-1.40580761432648,2.92101759305363,67.97618103,55.972,47.6797551269623
1105,Cote d'Ivoire,CIV,2013 [YR2013],40.0659563695022,75.2823113207547,-1.04872417449951,7.35426503598509,67.13149261,57.057,48.5702332186208
1106,Cote d'Ivoire,CIV,2014 [YR2014],38.9323349133904,77.1301729559748,-1.03716063499451,7.73897659286671,74.3581543,57.772,49.0173144557368
1107,Cote d'Ivoire,CIV,2015 [YR2015],61.954609777616,79.3910125786164,-0.835078060626984,8.46433224598306,58.43181992,58.281,49.4694894689553
1108,Cote d'Ivoire,CIV,2016 [YR2016],55.6539855341019,81.7276886792453,-0.909238815307617,8.89557845705252,61.85705566,58.814,49.929991034032
1109,Cote d'Ivoire,CIV,2017 [YR2017],50.6654421695962,84.0672075471698,-1.09111630916595,9.52488768872621,63.77943039,59.315,50.3977309654344
1111,Cote d'Ivoire,CIV,2019 [YR2019],44.3324266688486,88.6572610062893,-1.036496758461,10.3256981639741,68.30471039,60.274,51.3514799771241
1115,Croatia,HRV,2002 [YR2002],23.4705060596986,76.9454499928459,0.628807723522186,39.1618309020996,386.4440918,74.7173170731707,55.6745468592554
1116,Croatia,HRV,2003 [YR2003],24.0769485978838,76.8958437567007,0.558495879173279,42.3809814453125,512.15216064,74.6139024390244,55.6386960202113
1117,Croatia,HRV,2004 [YR2004],24.5682548346735,76.9173039811307,0.686754405498505,44.0762214660645,634.62036133,75.520243902439,55.5890878734365
1118,Croatia,HRV,2005 [YR2005],24.7706419784151,77.0163855335573,0.43447408080101,47.2947196960449,727.13104248,75.2446341463415,55.5307217475444
1119,Croatia,HRV,2006 [YR2006],24.4359067796249,77.0345043242084,0.560829281806946,48.5975112915039,816.01702881,75.8368292682927,55.4685969711483
1120,Croatia,HRV,2007 [YR2007],23.6376920748174,77.0176720749053,0.60539698600769,50.530590057373,1041.03442383,75.7056097560976,55.4077128728613
1121,Croatia,HRV,2008 [YR2008],22.6849842013375,77.0085233364306,0.573651909828186,52.3514518737793,1258.87243652,75.9121951219512,55.3530687812969
1122,Croatia,HRV,2009 [YR2009],21.88676949653,76.927685655064,0.612926959991455,51.9583015441895,1187.54528809,76.1682926829268,55.3096640250682
1123,Croatia,HRV,2010 [YR2010],21.5520342977398,76.7533950396684,0.608463644981384,57.0685997009277,1126.37365723,76.4756097560976,55.2824979327886
1124,Croatia,HRV,2011 [YR2011],23.6135683044921,76.4888499749839,0.623747110366821,59.3388595581055,1132.49890137,76.7756097560976,55.2773793281248
1125,Croatia,HRV,2012 [YR2012],20.9195365864097,76.1269387463369,0.606891453266144,62.0256614685059,1029.97119141,77.1682926829268,55.3042888624873
1126,Croatia,HRV,2013 [YR2013],20.2640413078795,75.6543849617611,0.642667889595032,66.7111129760742,889.94458008,77.5707317073171,55.3659479687433
1127,Croatia,HRV,2014 [YR2014],19.8289409065182,75.0767993710242,0.619112372398376,68.6392517089844,909.37164307,77.7243902439024,55.4591834926844
1128,Croatia,HRV,2015 [YR2015],20.1718710437292,74.1856371953399,0.586513638496399,68.4413986206055,795.50836182,77.2756097560976,55.5812594509004
1129,Croatia,HRV,2016 [YR2016],18.1778313300349,73.3840861982703,0.654191136360168,69.5889511108398,840.90124512,77.9219512195122,55.7294398599808
1130,Croatia,HRV,2017 [YR2017],18.7613905967833,72.2144056893717,0.681905686855316,71.3775863647461,902.62518311,77.7268292682927,55.9009887365155
1131,Croatia,HRV,2018 [YR2018],20.0014497847215,71.2739439639768,0.793678283691406,72.8625411987305,1024.62414551,77.919512195122,56.093170097094
1132,Croatia,HRV,2019 [YR2019],15.914853988952,70.5701879779859,0.685510694980621,74.0501174926758,1040.08569336,78.2243902439024,56.303247958306
1134,Cuba,CUB,2000 [YR2000],21.3974205669767,103.436769087523,0.248432531952858,22.9956703186035,181.09315491,75.922,75.635383605957
1136,Cuba,CUB,2002 [YR2002],20.7560611503545,105.060795187518,0.263644099235535,27.423469543457,213.81524658,76.766,75.8514891112497
1137,Cuba,CUB,2003 [YR2003],20.1976249122847,105.351343984962,0.316652774810791,32.568790435791,227.49208069,77.405,75.8636638735113
1138,Cuba,CUB,2004 [YR2004],19.681946337527,105.617479560192,0.355422109365463,52.4411582946777,232.22746277,77.326,75.917681659226
1139,Cuba,CUB,2005 [YR2005],19.3599719384448,105.811292747088,0.424785822629929,60.115119934082,331.50354004,77.54,76.0033319545493
1140,Cuba,CUB,2006 [YR2006],19.1954916262929,105.971530583482,0.474477261304855,84.7447280883789,386.8258667,77.406,76.1121531072403
1141,Cuba,CUB,2007 [YR2007],19.0582324966618,106.043517474634,0.45094159245491,105.017448425293,569.43585205,77.55,76.2356834650585
1142,Cuba,CUB,2008 [YR2008],18.9580468384187,106.085700864337,0.524226605892181,117.163070678711,609.27282715,77.589,76.365461375763
1143,Cuba,CUB,2009 [YR2009],18.9047869404309,106.113481773769,0.356679856777191,113.827087402344,675.53399658,77.584,76.4930251871133
1144,Cuba,CUB,2010 [YR2010],18.9083050915655,106.138754227734,0.349292427301407,93.544739814446,608.5847168,77.876,76.6099132468685
1145,Cuba,CUB,2011 [YR2011],19.6720738913487,105.757568101214,0.280382126569748,78.4791611574931,695.81542969,78.051,76.707663902788
1146,Cuba,CUB,2012 [YR2012],19.6276365485068,105.984819360707,0.307248294353485,61.3519866952141,601.74957275,78.162,76.7776920066844
1147,Cuba,CUB,2013 [YR2013],19.9113493948996,108.40689886778,0.370564639568329,47.9938388668246,712.26629639,78.028,76.81640625
1148,Cuba,CUB,2014 [YR2014],20.762060268269,108.496202653336,0.544822037220001,40.8057214253261,867.69702148,77.825,76.8442459106445
1149,Cuba,CUB,2015 [YR2015],21.4005165459257,108.309942363112,0.634750008583069,36.7510276842099,991.08496094,77.745,76.8702850341797
1150,Cuba,CUB,2016 [YR2016],19.7476038869862,108.2815455594,0.6731316447258,35.0523986816406,990.92346191,77.571,76.9115829467773
1151,Cuba,CUB,2017 [YR2017],20.1327865141339,108.360587668593,0.638511061668396,41.1702416547293,987.81030273,77.3,76.9603271484375
1152,Cuba,CUB,2018 [YR2018],20.9153664764928,108.16105973025,0.640602827072144,42.3506387045364,981.90283203,77.426,77.0156326293945
1153,Cuba,CUB,2019 [YR2019],20.3431122356184,107.927225433526,0.610500574111938,44.7791807576091,1023.39715576,77.413,77.0728225708008
1176,Cyprus,CYP,2000 [YR2000],20.3070328790346,102.561363636364,0.51749986410141,19.5623207092285,750.51672363,77.9,68.7726966799379
1178,Cyprus,CYP,2002 [YR2002],20.0359615757853,106.21645021645,0.199420601129532,25.1022891998291,890.48297119,78.758,68.7863589370716
1179,Cyprus,CYP,2003 [YR2003],19.8757470128298,108.180735930736,0.532275915145874,31.9552307128906,1145.05847168,78.908,68.7120973207373
1180,Cyprus,CYP,2004 [YR2004],19.7058229652141,110.159632034632,0.380177587270737,36.0204582214355,1286.97155762,79.007,68.5908141437316
1181,Cyprus,CYP,2005 [YR2005],19.5312467751087,112.137554112554,0.517519235610962,34.102180480957,1366.01708984,79.198,68.4340674211981
1182,Cyprus,CYP,2006 [YR2006],19.3234361835894,114.114502164502,0.53966498374939,34.3019485473633,1474.02062988,79.456,68.2534151682801
1183,Cyprus,CYP,2007 [YR2007],19.077613123502,116.094588744589,0.537055730819702,36.2316017150879,1694.27185059,79.798,68.0604154001212
1184,Cyprus,CYP,2008 [YR2008],18.8345412246726,118.076406926407,0.639003932476044,40.8491706848145,2155.24658203,79.906,67.8666261318649
1185,Cyprus,CYP,2009 [YR2009],18.6349841169269,120.061796536797,0.390287488698959,47.6964492797852,2105.4777832,80.375,67.6836053786548
1186,Cyprus,CYP,2010 [YR2010],18.5197054300908,122.058008658009,0.452444821596146,48.311580657959,2045.2923584,80.632,67.5229111556342
1187,Cyprus,CYP,2011 [YR2011],18.4875017910321,124.079329004329,0.607984483242035,46.5397300720215,2114.66894531,80.855,67.3979892758544
1188,Cyprus,CYP,2012 [YR2012],16.876649443899,126.125216450216,0.635126054286957,45.8635902404785,1899.37255859,81.128,67.3010289148738
1189,Cyprus,CYP,2013 [YR2013],16.2406674925642,128.127164502165,0.563347160816193,47.5252418518066,1916.32263184,81.317,67.2102333625375
1190,Cyprus,CYP,2014 [YR2014],16.1114833623758,130.065043290043,0.551882088184357,53.1043510437012,1873.89135742,81.337,67.1230558819804
1191,Cyprus,CYP,2015 [YR2015],16.9122147785325,131.980735930736,0.542449116706848,60.1012306213379,1596.2052002,81.464,67.0402477918073
1192,Cyprus,CYP,2016 [YR2016],14.4813342529054,133.88658008658,0.593786835670471,67.1711120605469,1649.41247559,81.534,66.9625604106231
1193,Cyprus,CYP,2017 [YR2017],15.1071226081124,135.744047619048,0.530974149703979,75.9408111572266,1773.41162109,81.543,66.8907450570326
1194,Cyprus,CYP,2018 [YR2018],15.24949999422,137.525649350649,0.48454225063324,81.3370819091797,2020.73339844,81.556,66.8255530496405
1195,Cyprus,CYP,2019 [YR2019],15.0066614653737,139.250108225108,0.54459822177887,88.4853286743164,2093.0612793,81.454,66.7677357070518
1197,Czechia,CZE,2000 [YR2000],20.464169154237,132.717264138734,0.332739621400833,29.7583904266357,342.92108154,74.9682926829268,74.0038256456769
1199,Czechia,CZE,2002 [YR2002],21.1574850932414,131.96474699107,1.04410064220428,36.8876609802246,497.74203491,75.2219512195122,73.8360067578753
1200,Czechia,CZE,2003 [YR2003],21.6912502267081,131.926983305293,0.887058138847351,39.2078895568848,640.66040039,75.1707317073171,73.7649150201353
1201,Czechia,CZE,2004 [YR2004],22.1315314290352,131.984222107171,0.653875827789307,45.4242782592773,746.32891846,75.7219512195122,73.6991647167017
1202,Czechia,CZE,2005 [YR2005],22.3146621698858,132.166916903961,0.936384081840515,49.1181411743164,852.65246582,75.9243902439025,73.6375545423198
1203,Czechia,CZE,2006 [YR2006],22.1683099349838,132.542459546926,1.05372881889343,49.8811302185059,942.11804199,76.5243902439024,73.578883191735
1204,Czechia,CZE,2007 [YR2007],21.819301739304,133.318161812298,1.0154139995575,54.1809005737305,1110.17663574,76.7243902439025,73.5219493596925
1205,Czechia,CZE,2008 [YR2008],21.402710346385,134.445921802175,1.04987955093384,57.9171714782715,1449.33679199,76.9756097560976,73.4655517409377
1206,Czechia,CZE,2009 [YR2009],21.0536085197657,135.214085965821,0.90582937002182,61.4115715026855,1442.24279785,77.0780487804878,73.4084890302159
1207,Czechia,CZE,2010 [YR2010],20.907069022985,135.626181535673,0.989233732223511,64.9327697753906,1509.44726563,77.4243902439025,73.3495599222723
1208,Czechia,CZE,2011 [YR2011],21.0141184753393,135.90687556649,1.10911762714386,66.7968215942383,1649.15905762,77.8731707317073,73.2878338394746
1209,Czechia,CZE,2012 [YR2012],19.2882808825023,136.097177262722,1.05410611629486,66.9287719726562,1509.77526855,78.0756097560976,73.2249239592898
1210,Czechia,CZE,2013 [YR2013],18.9336384922511,136.159958559959,1.08477854728699,66.3243179321289,1508.79907227,78.1756097560976,73.1622186934979
1211,Czechia,CZE,2014 [YR2014],18.3617483140192,136.30337995338,0.989990472793579,67.3959732055664,1512.59326172,78.8243902439024,73.0995921041469
1212,Czechia,CZE,2015 [YR2015],17.8128111083862,136.589288952208,0.970251083374023,67.2303619384766,1308.8013916,78.5780487804878,73.0370442874355
1213,Czechia,CZE,2016 [YR2016],16.9928991704268,136.851858567543,0.963384211063385,67.5056381225586,1374.9005127,79.0268292682927,72.9745753395623
1214,Czechia,CZE,2017 [YR2017],16.9432784272519,137.21587877218,0.990650773048401,67.7142181396484,1516.75012207,78.9780487804878,72.9121853567256
1215,Czechia,CZE,2018 [YR2018],17.3467438168398,137.675534257221,1.0264128446579,66.7902221679688,1750.81188965,79.0292682926829,72.8498744351241
1216,Czechia,CZE,2019 [YR2019],14.2336874017967,138.226810266108,0.941995680332184,66.8802185058594,1805.44030762,79.2292682926829,72.7876426709563
1218,Denmark,DNK,2000 [YR2000],15.647778890228,133.4904,1.5010689496994,58.3664016723633,2496.04711914,76.5926829268293,85.0999984741211
1220,Denmark,DNK,2002 [YR2002],15.0817525522341,134.398275,1.5242440700531,64.2234725952148,2895.80737305,76.8951219512195,85.3000030517578
1221,Denmark,DNK,2003 [YR2003],14.742653395412,134.76435,1.20381569862366,68.1712493896484,3607.04296875,77.1439024390244,85.4199981689453
1222,Denmark,DNK,2004 [YR2004],14.4139688325594,135.113075,1.08433735370636,74.9665069580078,4194.87353516,77.4926829268293,85.7130276911593
1223,Denmark,DNK,2005 [YR2005],14.1315528030661,135.4858,1.07349538803101,80.8124618530273,4442.75488281,77.8439024390244,86.0059706832865
1224,Denmark,DNK,2006 [YR2006],13.8645243458452,135.9318,1.0467928647995,78.5057678222656,4778.89208984,78.0951219512195,86.2501288149818
1225,Denmark,DNK,2007 [YR2007],13.5854420597073,136.53595,1.1181892156601,78.243293762207,5468.37939453,78.1951219512195,86.4251464366349
1226,Denmark,DNK,2008 [YR2008],13.3353192238882,137.340525,1.06538677215576,74.8606262207031,6137.77636719,78.4463414634146,86.583137512207
1227,Denmark,DNK,2009 [YR2009],13.1551691176237,138.077375,1.00118267536163,73.1106262207031,6221.68896484,78.5975609756098,86.7617653139929
1228,Denmark,DNK,2010 [YR2010],13.0860050201498,138.692075,1.04096102714539,72.4951477050781,6171.28515625,79.1,86.8652420043945
1229,Denmark,DNK,2011 [YR2011],13.3556789508458,139.2643,1.10029304027557,75.9300231933594,6438.21240234,79.8,87.1567653955846
1230,Denmark,DNK,2012 [YR2012],10.811456086122,139.7893,0.914910674095154,77.7465515136719,6168.33935547,80.0512195121951,87.2336196899414
1231,Denmark,DNK,2013 [YR2013],10.3963287855885,140.3733,0.959233462810516,80.4186782836914,6334.41552734,80.3,87.5436524760432
1232,Denmark,DNK,2014 [YR2014],10.8104890765495,141.086875,0.951779723167419,81.3143615722656,6466.89794922,80.7,87.6823985731907
1233,Denmark,DNK,2015 [YR2015],10.2267270069046,142.087075,0.887059271335602,83.300407409668,5531.87890625,80.7024390243902,87.7254056577329
1234,Denmark,DNK,2016 [YR2016],9.23431703209402,143.20025,0.852912425994873,82.1714935302734,5624.32861328,80.8536585365854,87.6999969482422
1235,Denmark,DNK,2017 [YR2017],10.0945595167367,144.1245,0.854937553405762,81.3220062255859,5834.02050781,81.1024390243903,88.0161943799509
1236,Denmark,DNK,2018 [YR2018],10.3539340590391,144.8409,0.931982338428497,81.1405487060547,6232.72167969,80.9536585365854,88.1059762310689
1237,Denmark,DNK,2019 [YR2019],9.61197285377196,145.36055,0.967598736286163,81.6945877075195,6058.83007813,81.4512195121951,88.2096490810669
1239,Djibouti,DJI,2000 [YR2000],42.9159218505288,32.2397756686799,-0.241125971078873,0.257360011339188,35.48954773,56.734,73.3486361649708
1241,Djibouti,DJI,2002 [YR2002],41.3895884356727,34.3215703192407,-0.313102960586548,0.934469997882843,39.49966431,57.824,72.4503357641707
1242,Djibouti,DJI,2003 [YR2003],40.1033908297196,35.0957290767903,-0.91280323266983,1.14007997512817,46.27521896,58.041,72.0304414068997
1243,Djibouti,DJI,2004 [YR2004],39.0211452137423,35.639516824849,-0.344115853309631,1.43494999408722,40.04951477,58.103,71.6452457786012
1244,Djibouti,DJI,2005 [YR2005],38.5573310294856,36.2022001725626,-0.812229692935944,2.15187001228333,45.12551498,58.548,71.3061450044404
1245,Djibouti,DJI,2006 [YR2006],38.6480584553947,36.9182053494392,-0.262578547000885,2.43639993667602,53.26344299,58.962,71.0245352095823
1246,Djibouti,DJI,2007 [YR2007],38.9566227288879,37.7276962899051,-0.123644053936005,2.70820999145508,55.18254471,59.362,70.8118125191918
1247,Djibouti,DJI,2008 [YR2008],39.4882808801691,38.5131147540984,0.268389225006104,2.89696002006531,55.90976715,59.815,70.6793730584341
1248,Djibouti,DJI,2009 [YR2009],40.2482899394421,39.3238567730802,0.494239002466202,3.63386988639831,56.92132568,60.351,70.6383251554484
1249,Djibouti,DJI,2010 [YR2010],41.241906936911,40.1316220880069,0.253481268882751,3.61855006217956,55.7044487,60.743,70.6486554782903
1250,Djibouti,DJI,2011 [YR2011],44.8504343538823,40.9213977566868,0.177703246474266,5.16012001037598,61.89852524,61.337,70.6776532458676
1284,Dominican Republic,DOM,2003 [YR2003],18.5910355134394,185.895673773546,-0.419894456863403,33.6751098632812,104.59856415,70.856,64.426197134766
1293,Dominican Republic,DOM,2012 [YR2012],17.6468205135185,208.453963982612,0.252366811037064,48.6290038507636,304.23754883,72.817,74.2398679969568
1295,Dominican Republic,DOM,2014 [YR2014],18.9396637119659,213.527799627406,0.145934492349625,49.3192689674723,312.44223022,73.145,74.1931533822153
1296,Dominican Republic,DOM,2015 [YR2015],19.9571847572804,215.997288346098,0.227570921182632,51.7471143700009,322.04864502,72.982,74.1372305958285
1297,Dominican Republic,DOM,2016 [YR2016],19.2491722418682,218.410888014904,0.241259410977364,54.498998211862,328.36526489,72.889,74.0506780735522
1298,Dominican Republic,DOM,2017 [YR2017],19.1203299259262,220.799896501759,0.152073904871941,59.9155940980465,336.98895264,73.37,73.926806252977
1394,Ecuador,ECU,2008 [YR2008],30.8131172297608,58.6857867611532,-0.728682398796082,38.1871795654297,231.62229919,74.709,62.5395521004212
1398,Ecuador,ECU,2012 [YR2012],20.8650376880852,62.700088581092,-0.570306479930878,39.2524690384971,387.54577637,75.486,62.8408732819135
1399,Ecuador,ECU,2013 [YR2013],19.8592620729833,63.6460299565147,-0.178656712174416,39.7734405802353,414.12683105,75.832,62.8837286624122
1401,Ecuador,ECU,2015 [YR2015],20.1729639726852,65.4945442100177,-0.147344976663589,44.5371492743653,464.22186279,76.222,62.959188676731
1404,Ecuador,ECU,2018 [YR2018],18.386683414634,68.6485223063295,-0.0947211682796478,47.3311832253279,493.73196411,77.248,63.0433276812321
1405,Ecuador,ECU,2019 [YR2019],17.769931645036,69.8180906748269,-0.238217756152153,47.2627814012203,484.47195435,77.286,63.0627139714638
1409,"Egypt, Arab Rep.",EGY,2002 [YR2002],60.3326484423888,76.587610628359,-0.414172112941742,28.9182395935059,63.99928665,67.846,42.8347629483917
1410,"Egypt, Arab Rep.",EGY,2003 [YR2003],60.7246100249955,78.2094007735195,-0.640924513339996,26.0245094299316,50.34780884,68.045,42.8834685533792
1411,"Egypt, Arab Rep.",EGY,2004 [YR2004],61.2360138708351,79.8407182681199,-0.822401702404022,27.2862091064453,50.33084488,68.211,42.9255593360476
1412,"Egypt, Arab Rep.",EGY,2005 [YR2005],61.8453985091626,81.4717002360741,-0.629358649253845,28.4127006530762,59.4683876,68.355,42.9569271409488
1413,"Egypt, Arab Rep.",EGY,2006 [YR2006],63.7829449518881,83.0784097644281,-0.837807655334473,28.3695907592773,66.32707214,68.493,42.9729991680104
1414,"Egypt, Arab Rep.",EGY,2007 [YR2007],67.4614819486479,84.6614345270983,-0.552382111549377,28.8399200439453,73.29454041,68.627,42.9729666344509
1415,"Egypt, Arab Rep.",EGY,2008 [YR2008],71.6335196352872,86.2572595308654,-0.510431706905365,28.6861095428467,90.15769958,68.761,42.9608989120873
1416,"Egypt, Arab Rep.",EGY,2009 [YR2009],75.0515681476511,87.9015882264303,-0.607227087020874,29.2693099975586,98.90396881,68.915,42.9383470624904
1417,"Egypt, Arab Rep.",EGY,2010 [YR2010],76.4681376215846,89.6037691496308,-0.898418307304382,30.0727383660214,105.07817841,69.078,42.9057175520154
1418,"Egypt, Arab Rep.",EGY,2011 [YR2011],62.0486163821917,91.5094268923602,-1.43705701828003,25.5901820932158,116.22949219,69.232,42.8634168470177
1419,"Egypt, Arab Rep.",EGY,2012 [YR2012],61.7247558733889,93.5868210357125,-1.43632972240448,26.2271566255146,139.81625366,69.464,42.8118514138525
1420,"Egypt, Arab Rep.",EGY,2013 [YR2013],70.1484599687517,95.7693033301522,-1.63883090019226,28.3479816954113,139.67245483,69.632,42.7514277188751
1421,"Egypt, Arab Rep.",EGY,2014 [YR2014],66.1214960792046,97.9744376914963,-1.63117659091949,29.1134325604942,155.06480408,69.911,42.6825522284408
1422,"Egypt, Arab Rep.",EGY,2015 [YR2015],67.6489631610219,100.052581244663,-1.49933218955994,32.8848991394043,170.25532532,70.135,42.6056314089048
1423,"Egypt, Arab Rep.",EGY,2016 [YR2016],61.4577552982506,102.109185795369,-1.43972682952881,31.8731307983398,142.61845398,70.437,42.5210717266225
1424,"Egypt, Arab Rep.",EGY,2017 [YR2017],58.9353384135579,104.170030639409,-1.42964589595795,33.1018892935221,106.00288391,70.709,42.4486008687179
1425,"Egypt, Arab Rep.",EGY,2018 [YR2018],65.4631301601869,106.165145411623,-1.18812155723572,36.1230010986328,118.01481628,70.974,42.4577177449969
1426,"Egypt, Arab Rep.",EGY,2019 [YR2019],67.7529020891301,108.044761665578,-1.12463080883026,33.622825887244,142.69670105,71.213,42.4812027332648
1428,El Salvador,SLV,2000 [YR2000],32.8863851082494,286.841988416988,0.329205334186554,19.7553405761719,155.52601624,67.711,56.5638569810457
1430,El Salvador,SLV,2002 [YR2002],31.3515689349669,288.930067567568,0.293994128704071,19.7187805175781,166.81164551,68.526,58.3486233966841
1431,El Salvador,SLV,2003 [YR2003],30.0717063191467,289.507673745174,-0.180753871798515,20.5764999389648,171.59013367,68.792,59.2468576589718
1432,El Salvador,SLV,2004 [YR2004],28.772701131028,289.800723938224,-0.0691009759902954,21.6425590515137,185.83404541,69.295,60.1425374326239
1433,El Salvador,SLV,2005 [YR2005],27.6964237059766,289.844498069498,-0.0337608754634857,22.4542694091797,225.17417908,69.336,61.0308213239291
1434,El Salvador,SLV,2006 [YR2006],26.7283220814392,289.68721042471,-0.168158024549484,23.2541999816894,231.73410034,69.612,61.9068679391763
1435,El Salvador,SLV,2007 [YR2007],25.6985915806074,290.049420849421,-0.0072707314975559,24.743709564209,239.99687195,69.82,62.7676878093683
1436,El Salvador,SLV,2008 [YR2008],24.7662234674635,290.989237451737,0.0393931120634079,25.5441799163818,253.45413208,70.138,63.6372503452723
1437,El Salvador,SLV,2009 [YR2009],24.09020900599,291.905357142857,-0.0071162772364914,25.9216804504394,257.19317627,70.359,64.5299047495248
1438,El Salvador,SLV,2010 [YR2010],23.8295394601694,292.86916023166,0.0588422268629074,26.3151708858206,270.69418335,70.909,65.4327927543162
1439,El Salvador,SLV,2011 [YR2011],27.5567469396669,293.925048262548,0.111001193523407,27.32486420544,295.64242554,71.192,66.334413642034
1440,El Salvador,SLV,2012 [YR2012],24.2617826031933,295.076013513513,0.234583973884583,28.0979076272602,301.03710938,71.42,67.2232666950659
1441,El Salvador,SLV,2013 [YR2013],25.8009636408055,296.276013513514,-0.0336589030921459,28.2731299038736,324.28027344,71.225,68.0878511957995
1442,El Salvador,SLV,2014 [YR2014],23.5624481373706,297.439913127413,-0.0245900042355061,27.5441027812368,315.23168945,71.144,68.9166664266223
1443,El Salvador,SLV,2015 [YR2015],23.9410831694199,298.439961389961,-0.0204960480332375,27.3929262374809,331.96725464,70.952,69.6982116699219
1444,El Salvador,SLV,2016 [YR2016],22.7554051143461,299.266409266409,-0.104568757116795,27.1794802471695,339.97875977,70.908,70.3990173339844
1445,El Salvador,SLV,2017 [YR2017],22.1065954946575,299.880936293436,-0.263820260763168,27.6409104549006,338.60742188,71.007,71.0856704711914
1446,El Salvador,SLV,2018 [YR2018],21.0853412269847,300.183735521236,-0.389159649610519,28.194336537252,348.18817139,71.384,71.7577209472656
1447,El Salvador,SLV,2019 [YR2019],18.2675885826061,300.304922779923,-0.120228312909603,28.5178063545936,380.53384399,71.725,72.4148941040039
1449,Equatorial Guinea,GNQ,2000 [YR2000],36.2092084679716,25.0723351158645,-0.0350389443337917,1.84452998638153,18.24036026,53.395,38.8154587133988
1470,Eritrea,ERI,2000 [YR2000],43.5875022656422,22.2478316831683,-0.768895208835602,2.00988006591797,14.03034782,56.285,34.0983619689941
1472,Eritrea,ERI,2002 [YR2002],42.3748453519965,23.6928514851485,-0.267155766487122,2.54442000389099,15.77544498,58.941,34.5420799255371
1474,Eritrea,ERI,2004 [YR2004],40.4913783730953,21.4765054072847,-0.639386832714081,1.97107994556427,23.15624809,60.063,34.9324645996094
1479,Eritrea,ERI,2009 [YR2009],40.5883432774844,23.8530992984597,-0.680884718894958,3.67761993408203,24.35102463,63.203,35.5742034912109
1480,Eritrea,ERI,2010 [YR2010],40.6911921899525,24.3272910774296,-0.875592827796936,4.35516023635864,26.00652122,63.665,35.6346549987793
1484,Eritrea,ERI,2014 [YR2014],35.7775635476002,25.572294764578,-0.805872619152069,4.12871980667114,32.93447495,65.517,35.639720916748
1485,Eritrea,ERI,2015 [YR2015],41.1496360897538,25.6468528978016,-0.878453433513641,3.51574993133545,29.22208977,65.909,35.591007232666
1486,Eritrea,ERI,2016 [YR2016],39.6073262193782,25.8074296058691,-0.662282407283783,3.20262002944946,26.00592422,66.242,35.5254287719727
1491,Estonia,EST,2000 [YR2000],11.8151297405178,32.9555319650861,0.902080297470093,54.4018287658691,209.97769165,70.4170731707317,67.385529072627
1493,Estonia,EST,2002 [YR2002],10.8659889979478,32.5395140363293,0.927854418754578,61.7471008300781,250.48020935,70.9048780487805,67.4090870965661
1494,Estonia,EST,2003 [YR2003],10.3301268581838,32.3359282849729,0.894786238670349,64.2222671508789,368.97955322,71.3170731707317,67.4341760348669
1495,Estonia,EST,2004 [YR2004],9.87858866644381,32.1431941495636,0.703926205635071,65.7773971557617,474.50796509,71.909756097561,67.467351453949
1496,Estonia,EST,2005 [YR2005],9.60526326798543,31.9597782495872,0.605274677276611,67.9843521118164,549.63024902,72.5682926829268,67.5080523578799
1497,Estonia,EST,2006 [YR2006],9.49150211652796,31.7718801604152,0.736678242683411,68.7950820922852,627.18377686,72.6914634146341,67.5557177507269
1498,Estonia,EST,2007 [YR2007],9.42873775517208,31.6272705826846,0.634109556674957,68.8220596313477,866.49945068,72.8146341463415,67.6097866365576
1499,Estonia,EST,2008 [YR2008],9.37598066324752,31.5425807973579,0.571973562240601,67.8356094360352,1082.15478516,73.7707317073171,67.6696980194394
1500,Estonia,EST,2009 [YR2009],9.29224132008397,31.4818353385232,0.567619025707245,67.8494186401367,1006.50708008,74.8243902439024,67.7348909034398
1501,Estonia,EST,2010 [YR2010],9.13653020501115,31.4101203113942,0.661366999149323,68.7101593017578,966.19024658,75.4292682926829,67.8048042926262
1502,Estonia,EST,2011 [YR2011],8.27663619619013,31.3149091766926,0.611041307449341,71.0235290527344,1061.1628418,76.2292682926829,67.8775556334506
1503,Estonia,EST,2012 [YR2012],7.99013886909247,31.2030195800896,0.636465191841125,72.9364700317383,1058.71960449,76.3268292682927,67.9629593320316
1504,Estonia,EST,2013 [YR2013],8.08122179915709,30.3196917414309,0.748215436935425,75.4523162841797,1194.86206055,77.1414634146341,68.0923458296768
1505,Estonia,EST,2014 [YR2014],8.70767888073313,30.2402806533241,0.780257880687714,76.2024536132812,1287.76123047,77.0341463414634,68.2668382808032
1506,Estonia,EST,2015 [YR2015],7.18496063252666,30.26011042098,0.613857269287109,74.5832824707031,1156.20275879,77.590243902439,68.4796609690553
1507,Estonia,EST,2016 [YR2016],6.87835279660374,30.2689210950081,0.662796258926392,73.0334320068359,1226.0859375,77.6414634146342,68.724038178078
1508,Estonia,EST,2017 [YR2017],6.15485238171865,30.816,0.642370760440826,72.1369781494141,1350.12646484,78.0926829268293,68.9931941915158
1509,Estonia,EST,2018 [YR2018],7.7966811057876,30.9234385964912,0.580415546894073,72.0659637451172,1553.43347168,78.2439024390244,69.2803532930133
1510,Estonia,EST,2019 [YR2019],6.84482514683862,31.0385497076023,0.630197763442993,72.7060317993164,1599.3503418,78.6463414634147,69.5787397662154
1512,Eswatini,SWZ,2000 [YR2000],23.5235005768566,60.5473255813953,0.0375185273587704,4.26582002639771,76.93126678,47.627,22.8409330761997
1514,Eswatini,SWZ,2002 [YR2002],22.4544209466771,61.5954069767442,0.126366227865219,4.41731977462769,74.66481781,45.38,22.5690884303038
1516,Eswatini,SWZ,2004 [YR2004],21.1869451485361,62.3929651162791,-0.0046601896174252,5.39188003540039,175.89544678,43.906,22.3077107838089
1517,Eswatini,SWZ,2005 [YR2005],20.9562266988659,62.7338372093023,-0.39314877986908,4.7824501991272,217.26066589,43.958,22.2102447619336
1518,Eswatini,SWZ,2006 [YR2006],21.0436515370767,63.0486046511628,-0.270870000123978,4.6042799949646,237.50752258,44.563,22.1505527018245
1523,Eswatini,SWZ,2011 [YR2011],20.6614067086956,64.9902906976744,-0.479735821485519,7.02840092827937,365.25265503,49.057,22.4634753665393
1525,Eswatini,SWZ,2013 [YR2013],20.9735888523904,65.6970930232558,-0.431911140680313,6.43545771863543,303.40438843,52.11,22.8121644356992
1533,Ethiopia,ETH,2000 [YR2000],27.3299911491215,67.411494,-0.946032106876373,1.17114996910095,5.28970861,50.88,14.9193096160889
1535,Ethiopia,ETH,2002 [YR2002],27.5334972430797,71.635517,-1.22584557533264,1.68374001979828,5.14964151,52.085,15.333233833313
1536,Ethiopia,ETH,2003 [YR2003],27.5918951202344,73.832663,-1.40960443019867,2.40167999267578,5.70984173,52.877,15.5438537597656
1537,Ethiopia,ETH,2004 [YR2004],27.6643794033033,67.4086372526321,-1.31249165534973,2.72982001304627,5.7385993,53.735,15.7585906982422
1538,Ethiopia,ETH,2005 [YR2005],27.7831924816344,69.4377847665754,-1.69038331508636,2.94167995452881,6.4820013,54.364,15.982967376709
1541,Ethiopia,ETH,2008 [YR2008],29.3093559085695,75.7983969601131,-1.73212063312531,3.53211998939514,13.03863621,57.733,16.7936706542969
1542,Ethiopia,ETH,2009 [YR2009],30.0391738887093,77.9802631357432,-1.64107227325439,5.09216022491455,15.1445961,58.715,17.1511001586914
1543,Ethiopia,ETH,2010 [YR2010],30.721062308711,80.224030211657,-1.63510119915009,6.96482992172241,16.17102051,59.709,17.4937839508057
1544,Ethiopia,ETH,2011 [YR2011],31.4291559506252,82.537679592612,-1.5069637298584,7.27566003799438,14.62286568,60.595,17.863790512085
1545,Ethiopia,ETH,2012 [YR2012],32.643963058463,84.8841807786957,-1.56427133083344,7.62416982650757,20.00217628,61.443,18.2061367034912
1547,Ethiopia,ETH,2014 [YR2014],29.7131511992912,89.598740246565,-1.3393874168396,5.9192507771213,21.6064415,62.927,19.0262870788574
1683,Fiji,FJI,2003 [YR2003],12.9523780036188,47.415763546798,0.452653437852859,14.7718696594238,86.09690094,65.653,49.1260494882891
1684,Fiji,FJI,2004 [YR2004],12.8482680746271,47.8580186097428,0.389960020780563,14.5726699829102,110.06819153,65.841,49.4772922157817
1685,Fiji,FJI,2005 [YR2005],12.76780002168,48.2966064586754,0.386921286582947,14.4559001922607,120.21074677,65.983,49.8421361321385
1694,Fiji,FJI,2014 [YR2014],12.1427162201265,50.2235905856596,0.553164601325989,69.4327641990718,178.31169128,66.581,54.0838287543856
1695,Fiji,FJI,2015 [YR2015],11.9373871022014,50.2779419813903,0.569660663604736,68.4167953525995,169.47518921,66.48,54.6234188083653
1696,Fiji,FJI,2016 [YR2016],12.3284242671983,50.3101258894362,0.897029459476471,77.5601234063116,175.91635132,66.657,55.1734720973874
1697,Fiji,FJI,2017 [YR2017],12.3080401904933,50.2878489326765,0.585380256175995,82.343551650893,185.69645691,67.06,55.7408343449609
1698,Fiji,FJI,2018 [YR2018],12.7353038744821,50.2014230979748,0.832882523536682,79.1464225438552,249.86022949,66.965,56.2328347385698
1699,Fiji,FJI,2019 [YR2019],12.9123773053208,50.0765736179529,0.779334902763367,77.5562006170027,254.83047485,67.009,56.70989552257
1701,Finland,FIN,2000 [YR2000],8.00512199497353,16.9940214714863,1.72011208534241,82.5875015258789,1726.74438477,77.4658536585366,67.1227685349539
1703,Finland,FIN,2002 [YR2002],7.82803108552653,17.0740930431071,1.7531840801239,86.788932800293,2059.3269043,78.119512195122,67.7951641569199
1704,Finland,FIN,2003 [YR2003],7.73384704624823,17.1148560359828,1.6870174407959,88.286979675293,2613.84570313,78.3682926829268,68.0425549126858
1705,Finland,FIN,2004 [YR2004],7.63663920076146,17.1646212941988,1.61962687969208,90.1379318237305,3044.12109375,78.7146341463415,68.2766596767133
1706,Finland,FIN,2005 [YR2005],7.53695898668728,17.2234676122,1.59494686126709,91.9409408569336,3236.85839844,78.8170731707317,68.5140529517604
1707,Finland,FIN,2006 [YR2006],7.43418344243749,17.3169839860577,1.50111103057861,93.4309921264648,3414.94140625,79.2146341463415,68.7588279849327
1708,Finland,FIN,2007 [YR2007],7.3276683346314,17.3919563287185,1.48869705200195,95.0834808349609,3918.64453125,79.2634146341464,69.0200377316963
1709,Finland,FIN,2008 [YR2008],7.21793319320128,17.4840375123396,1.44586837291718,95.8668518066406,4486.33789063,79.5682926829268,69.2943672196361
1710,Finland,FIN,2009 [YR2009],7.1054975480794,17.5678545574202,1.45967149734497,92.0154724121094,4349.89501953,79.719512195122,69.546259966947
1711,Finland,FIN,2010 [YR2010],6.99088092919804,17.6484106614018,1.42360687255859,93.1867599487305,4251.52880859,79.8707317073171,69.7855798796947
1712,Finland,FIN,2011 [YR2011],6.87039455156535,17.7309947678436,1.39347100257874,93.2884292602539,4717.5078125,80.4707317073171,70.0583261874252
1713,Finland,FIN,2012 [YR2012],6.23115629479583,17.8155615518773,1.40076518058777,91.5533828735352,4573.19726563,80.6268292682927,70.3661363168712
1714,Finland,FIN,2013 [YR2013],5.85285267653954,17.8978314521702,1.38517248630524,91.2365264892578,4892.03369141,80.9756097560976,70.6742118159277
1715,Finland,FIN,2014 [YR2014],6.11857316281583,17.9720030274112,1.28219723701477,89.9938812255859,4922.4296875,81.1804878048781,70.9879168940753
1716,Finland,FIN,2015 [YR2015],5.62500854589343,18.0301108880919,1.02799820899963,89.6573791503906,4128.20751953,81.4804878048781,71.3054930040604
1717,Finland,FIN,2016 [YR2016],5.27813456745499,18.0820078312658,0.982591867446899,89.3280029296875,4108.73974609,81.4292682926829,71.6158383428171
1718,Finland,FIN,2017 [YR2017],5.12673961318144,18.1238944459068,1.06380820274353,90.6983871459961,4235.75488281,81.6317073170732,71.9563038312956
1719,Finland,FIN,2018 [YR2018],5.49695736300986,18.1479501184522,0.891889691352844,92.3850021362305,4521.27636719,81.7341463414634,72.3423467740343
1720,Finland,FIN,2019 [YR2019],5.37867032806067,18.1673609054717,0.835258841514587,94.5891189575195,4459.9296875,81.9829268292683,72.7431214358314
1743,France,FRA,2000 [YR2000],16.0892961813444,113.032119862696,0.785089075565338,50.6030807495117,2161.85302734,79.0560975609756,76.5143983146093
1745,France,FRA,2002 [YR2002],15.6420884990136,114.6899378421,0.924183249473572,50.2516899108887,2449.75830078,79.2609756097561,77.2543866607525
1746,France,FRA,2003 [YR2003],15.3886822893843,115.50209666945,0.179551064968109,52.3169784545898,3006.3059082,79.1146341463415,77.4691216035138
1747,France,FRA,2004 [YR2004],15.1340731426338,116.351401799796,0.345115303993225,53.4576301574707,3458.62744141,80.1634146341463,77.4900500011961
1748,France,FRA,2005 [YR2005],14.8922600401531,117.229527785509,0.399723917245865,53.8823318481445,3575.02514648,80.1634146341463,77.4363315105438
1749,France,FRA,2006 [YR2006],14.6287316954908,118.048690973189,0.595505774021149,53.8754196166992,3811.55175781,80.8121951219512,77.3467240068648
1750,France,FRA,2007 [YR2007],14.3339971201938,118.780758883013,0.563000798225403,52.9475402832031,4312.31054688,81.1121951219512,77.2457976606157
1751,France,FRA,2008 [YR2008],14.0595857426506,119.445432785973,0.543759167194366,52.4755210876465,4807.37451172,81.2146341463415,77.1561901569367
1752,France,FRA,2009 [YR2009],13.8570269912499,120.060183690509,0.512012898921967,52.7731018066406,4737.578125,81.4146341463415,77.1005391809676
1753,France,FRA,2010 [YR2010],13.7778502943804,120.653513312923,0.681087553501129,54.881721496582,4592.38330078,81.6634146341463,77.0962844808803
1754,France,FRA,2011 [YR2011],13.7974719352463,121.237276185175,0.602992832660675,55.6257286071777,4931.87792969,82.1146341463415,77.1182717387509
1755,France,FRA,2012 [YR2012],12.5585885208406,121.825139623342,0.554941534996033,57.9090118408203,4644.59570313,81.9682926829268,77.1669464919916
1756,France,FRA,2013 [YR2013],12.4582922718332,122.456502458484,0.448744118213654,59.8487586975098,4884.71582031,82.219512195122,77.2440721470918
1757,France,FRA,2014 [YR2014],10.687674674804,123.039367288246,0.300568491220474,61.5104789733887,4974.74658203,82.719512195122,77.3524296788613
1758,France,FRA,2015 [YR2015],11.3442976642006,123.477636144355,0.0977598056197166,62.7859306335449,4198.72900391,82.3219512195122,77.7610919150066
1759,France,FRA,2016 [YR2016],10.508154814077,123.803885332591,-0.106349594891071,64.7276763916016,4264.14599609,82.5731707317073,78.5999114705779
1760,France,FRA,2017 [YR2017],10.4583123660264,124.163688653864,0.265701532363892,65.8022308349609,4416.79199219,82.5756097560976,78.6467804026368
1761,France,FRA,2018 [YR2018],10.4599453286038,124.609607570276,0.013894104398787,67.5435180664062,4667.95751953,82.6756097560976,78.6714432536599
1762,France,FRA,2019 [YR2019],9.82524600527018,125.024698023935,0.271341234445572,67.7331314086914,4508.76074219,82.8268292682927,78.6890784549356
1788,Gabon,GAB,2003 [YR2003],27.4214539843078,5.36480769977103,0.29903855919838,7.65526008605957,166.37802124,62.463,81.9970830091574
1810,"Gambia, The",GMB,2004 [YR2004],53.9888349546519,160.208695652174,0.164906054735184,1.07393002510071,32.15613174,58.749,51.5062022597801
1816,"Gambia, The",GMB,2010 [YR2010],52.9097272339557,190.378458498024,0.0654169842600822,1.79782111896994,32.99832535,61.167,56.0110896605662
1817,"Gambia, The",GMB,2011 [YR2011],56.1934304763105,196.026086956522,-0.0002706054074224,2.79681586845883,31.05148888,61.561,56.6696692994225
1818,"Gambia, The",GMB,2012 [YR2012],66.4198505891995,201.886758893281,-0.0007788384100422,1.18089454395552,29.56409264,61.9,57.3207304207091
1827,Georgia,GEO,2000 [YR2000],15.6475442783829,71.3308898141992,-0.812726557254791,40.6597099304199,52.25807953,70.091,52.4935999592259
1829,Georgia,GEO,2002 [YR2002],15.3404190761104,69.6055670247384,-1.19204139709473,44.0944595336914,66.08916473,70.438,52.4127676027039
1830,Georgia,GEO,2003 [YR2003],15.2342270045445,69.13705867945,-1.29921066761017,45.2726097106934,80.6542511,71.377,52.5144705663341
1831,Georgia,GEO,2004 [YR2004],15.1903677941676,68.7102417859267,-0.864118158817291,44.4988403320312,105.09565735,71.011,52.7173199317225
1832,Georgia,GEO,2005 [YR2005],15.2319058260863,68.2751145946324,-0.755904912948608,49.7896995544434,132.22496033,70.689,53.0036280624359
1833,Georgia,GEO,2006 [YR2006],15.421065141324,67.8880821582281,-0.966098785400391,42.33203125,152.0617218,70.983,53.3593916521584
1834,Georgia,GEO,2007 [YR2007],15.8176451636329,67.5348682599111,-0.645898997783661,41.5539588928223,195.9908905,70.985,53.7706073945741
1835,Georgia,GEO,2008 [YR2008],16.4410733482129,67.3300150460128,-0.91967511177063,38.640739440918,281.84671021,70.949,54.2232719833673
1836,Georgia,GEO,2009 [YR2009],17.3107771502641,66.7346478183281,-0.965524911880493,28.6668605804443,270.2170105,71.058,54.7033821122222
1837,Georgia,GEO,2010 [YR2010],18.4461840249862,66.2496063543161,-0.718320906162262,32.7360912804725,285.15029907,71.732,55.1969344748228
1838,Georgia,GEO,2011 [YR2011],22.1991814081631,65.7203016200707,-0.65695196390152,35.9205541584628,312.96923828,72.485,55.6899257648533
1839,Georgia,GEO,2012 [YR2012],23.0631259897014,65.238006928164,-0.680453956127167,33.6164699594408,345.60079956,72.672,56.1683526759979
1840,Georgia,GEO,2013 [YR2013],22.2517576861155,65.0419538822212,-0.441366165876389,40.5870663959566,355.7394104,73.025,56.6182119019407
1841,Georgia,GEO,2014 [YR2014],20.9791754789627,65.0725007872914,-0.321507543325424,46.3290537874173,367.32040405,73.105,57.0237612994258
1842,Georgia,GEO,2015 [YR2015],20.3304736500391,65.1750586094685,-0.472153753042221,51.9050659422441,292.76348877,73.241,57.3803800455672
1843,Georgia,GEO,2016 [YR2016],19.3139668885259,65.2140557752196,-0.320115089416504,58.1988080034057,319.31008911,73.136,57.6984032005062
1844,Georgia,GEO,2017 [YR2017],18.5342689563052,65.2227859617201,-0.375214755535126,63.535040959252,302.26367188,73.435,57.9996827205757
1845,Georgia,GEO,2018 [YR2018],18.4542384404894,65.197330207495,-0.447562873363495,66.747813990461,329.89413452,73.985,58.3038181862576
1846,Georgia,GEO,2019 [YR2019],17.6183021493385,65.0855698239966,-0.498171955347061,69.6463934713126,306.46075439,74.165,58.6304091780343
1861,Germany,DEU,2013 [YR2013],13.6633968189434,231.155712565925,0.92798388004303,60.8984489440918,5100.15234375,80.490243902439,80.4732318400362
1862,Germany,DEU,2014 [YR2014],12.2822480920893,232.108053883634,0.925186455249786,65.1844787597656,5309.15478516,81.090243902439,80.57574023743
1863,Germany,DEU,2015 [YR2015],12.8253525089793,234.152986871524,0.687514960765839,68.23291015625,4627.27587891,80.6414634146341,80.6974371632814
1864,Germany,DEU,2016 [YR2016],11.7806958987308,235.712929356538,0.667541146278381,67.9464111328125,4746.77539063,80.990243902439,80.8347870684725
1865,Germany,DEU,2017 [YR2017],11.8978451129639,236.588722557747,0.574381291866302,68.4692306518555,5065.43164063,80.9926829268293,80.9842544038853
1866,Germany,DEU,2018 [YR2018],11.6526030992972,237.294012250272,0.577865242958069,69.1634292602539,5507.67675781,80.8926829268293,81.1423036204018
1867,Germany,DEU,2019 [YR2019],10.6378495266542,237.822954291766,0.548539876937866,72.705078125,5488.53955078,81.2926829268293,81.3053991689039
1874,Ghana,GHA,2005 [YR2005],49.2965536275491,98.6615012745012,0.16971929371357,5.35099983215332,38.4290123,59.638,47.4528437795757
1875,Ghana,GHA,2006 [YR2006],48.7854118185382,101.260007031731,0.0063961860723793,4.7728099822998,49.24240494,59.975,48.1388926229785
1876,Ghana,GHA,2007 [YR2007],48.3578583443151,103.903836688055,-0.0730612650513649,5.92381000518799,57.21900177,60.282,48.8125122665918
1877,Ghana,GHA,2008 [YR2008],48.0313214086965,106.574430869298,-0.0295159611850977,7.91365003585815,63.33117676,60.578,49.4708679942306
1878,Ghana,GHA,2009 [YR2009],47.8232292154989,109.267223345346,0.0278358180075884,8.29780006408691,62.34637833,60.928,50.1111250897099
1880,Ghana,GHA,2011 [YR2011],52.8014316063294,114.683519381208,0.16711214184761,11.2824466895305,91.68003845,61.617,51.3304086646488
1881,Ghana,GHA,2012 [YR2012],56.9570423348518,117.492607893118,0.130694985389709,11.4938894891938,81.94947815,61.995,51.9197918381031
1882,Ghana,GHA,2013 [YR2013],44.7306236715724,120.357708534763,0.0606060847640038,13.4205396326832,105.34784698,62.397,52.4985794475913
1883,Ghana,GHA,2014 [YR2014],43.9627293584075,123.238076821658,-0.106807962059975,15.0809451652103,78.46701813,62.832,53.0663398797148
1884,Ghana,GHA,2015 [YR2015],68.0112284884927,126.114388678914,-0.0382289066910744,15.5618871637579,78.21643066,63.175,53.6226415210752
1885,Ghana,GHA,2016 [YR2016],62.8889642906448,129.017939702909,-0.138907715678215,15.606270735823,64.86400604,63.522,54.167052758274
1886,Ghana,GHA,2017 [YR2017],60.3590341738153,131.88166476224,0.0820369869470596,16.2065694246062,54.10602188,63.829,54.6991419779128
1887,Ghana,GHA,2018 [YR2018],56.0041825783104,134.647029093786,-0.0366430282592773,15.9045597520982,53.37788773,64.138,55.218477566593
1888,Ghana,GHA,2019 [YR2019],49.6566317016668,137.382028101418,0.118526868522167,17.3607250095097,71.14958191,64.455,55.7246279109161
1911,Greece,GRC,2000 [YR2000],24.3887788903302,83.83093871218,0.808356404304504,52.6726303100586,885.41052246,77.8878048780488,72.665642910984
1913,Greece,GRC,2002 [YR2002],23.8019671660229,84.5773622963538,0.872591853141785,66.8908386230469,1168.82409668,78.6414634146341,73.0977109642516
1914,Greece,GRC,2003 [YR2003],23.3884257573202,84.7794414274632,0.477636367082596,72.9116668701172,1566.40979004,78.8414634146341,73.432268024093
1915,Greece,GRC,2004 [YR2004],22.9484566697207,84.9894569433669,0.489336252212524,80.4148406982422,1782.69592285,79.0390243902439,73.8267602923728
1916,Greece,GRC,2005 [YR2005],22.5223069173261,85.2390535298681,0.50652414560318,90.3474731445312,1935.26757813,79.2390243902439,74.2617376694311
1917,Greece,GRC,2006 [YR2006],22.0311629396323,85.4954383242824,0.630432784557343,95.0775375366211,2052.87548828,79.4390243902439,74.717750055608
1918,Greece,GRC,2007 [YR2007],21.4468579907,85.7135221101629,0.523507833480835,90.5404281616211,2426.75952148,79.4390243902439,75.1753473512439
1921,Greece,GRC,2010 [YR2010],20.2971496759618,86.278828549263,-0.12720687687397,101.694053649902,2564.36938477,80.3878048780488,76.3631476983077
1922,Greece,GRC,2011 [YR2011],21.3833542936023,86.1512723041117,-0.0986951887607574,105.812690734863,2338.91503906,80.7317073170732,76.6352609929407
1923,Greece,GRC,2012 [YR2012],18.8095113490598,85.6866640806827,-0.217248693108559,110.122978210449,1948.24853516,80.6341463414634,76.8679797449322
1924,Greece,GRC,2013 [YR2013],17.9600807887087,85.067579519007,-0.171341717243195,112.705833435059,1832.02966309,81.2853658536585,77.0951999650171
1925,Greece,GRC,2014 [YR2014],16.8699265288991,84.5028161365399,-0.140445962548256,119.104209899902,1700.49438477,81.3853658536585,77.3130486275866
1927,Greece,GRC,2016 [YR2016],15.7750345686768,83.5994647013189,-0.129703640937805,131.403213500977,1513.25915527,81.3878048780488,77.7122988766348
1928,Greece,GRC,2017 [YR2017],15.6724100278411,83.4342823894492,-0.0812440440058708,135.333923339844,1509.7845459,81.2878048780488,77.8895342613411
1929,Greece,GRC,2018 [YR2018],15.5840100248101,83.2651823118697,0.153979063034058,140.950317382812,1603.07788086,81.7878048780488,78.0490656849874
1930,Greece,GRC,2019 [YR2019],14.9419055519621,83.1775174553918,0.162428334355354,143.96272277832,1569.02905273,81.6390243902439,78.1888100466875
1962,Grenada,GRD,2009 [YR2009],21.960422224752,327.217647058824,0.39220854640007,56.8550796508789,376.68447876,74.567,35.8877990260417
1968,Grenada,GRD,2015 [YR2015],25.177742151728,337.282352941176,0.779747724533081,96.7931289672852,404.00680542,75.037,35.9319491111708
1969,Grenada,GRD,2016 [YR2016],25.0768814910495,338.617647058824,0.998592257499695,96.7951431274414,409.27841187,75.01,35.9706014181883
1970,Grenada,GRD,2017 [YR2017],24.3014719560486,339.523529411765,0.992375195026398,98.6993408203125,454.07266235,74.977,36.0173296416579
1971,Grenada,GRD,2018 [YR2018],24.0969881609342,340.267647058824,0.968813717365265,99.9891967773438,462.2394104,74.957,36.0720421424532
1997,Guatemala,GTM,2002 [YR2002],35.1317690659313,114.286254199328,-0.834293127059937,9.50201988220215,107.62042236,67.835,45.7754731938848
2002,Guatemala,GTM,2007 [YR2007],28.5247503758314,127.398656215006,-0.753424942493439,17.2977504730225,158.89395142,69.299,49.4565105053665
2004,Guatemala,GTM,2009 [YR2009],26.9080886631746,132.65781075028,-0.925672590732574,15.0972604751587,169.37559509,69.676,50.7420420912045
2005,Guatemala,GTM,2010 [YR2010],26.652419867848,135.312728630086,-0.852924466133118,15.752311204905,175.31318665,69.885,51.3270380592706
2006,Guatemala,GTM,2011 [YR2011],30.2785784962163,138.037756625607,-0.744141399860382,16.4344375204985,191.24732971,70.321,51.8657469899423
2007,Guatemala,GTM,2012 [YR2012],27.3005597247054,140.814175065323,-0.633820176124573,16.8753678874298,200.84880066,70.722,52.3523385176
2008,Guatemala,GTM,2013 [YR2013],29.0925322950372,143.59217058604,-0.674156248569489,19.5737030720879,198.79296875,70.878,52.7809822766245
2009,Guatemala,GTM,2014 [YR2014],26.7327979035299,146.339352370287,-0.655563533306122,18.255292159465,217.23764038,70.942,53.1458479013964
2010,Guatemala,GTM,2015 [YR2015],27.4004163899267,149.045754012691,-0.654437899589539,21.9573684260954,233.8447876,70.915,53.4411050262961
2014,Guatemala,GTM,2019 [YR2019],20.2102810509295,159.609957073535,-0.577340841293335,22.559501429793,278.59024048,71.639,54.1882267267974
2020,Guinea,GIN,2004 [YR2004],44.4059611642013,36.8823294807097,-1.03338360786438,2.29848003387451,26.41420937,53.975,32.1032575610216
2021,Guinea,GIN,2005 [YR2005],44.0820421951864,37.6275598241901,-1.15397679805756,3.08171010017395,19.66388702,54.422,32.3962712159907
2022,Guinea,GIN,2006 [YR2006],43.9817436076682,38.422476802865,-1.90892851352692,5.37415981292725,16.15967941,54.875,32.6868093037822
2023,Guinea,GIN,2007 [YR2007],43.9049134748938,39.3223221552987,-2.40334820747375,8.27204990386963,22.64143372,55.233,32.9740386596386
2024,Guinea,GIN,2008 [YR2008],43.8620540383665,40.2851619729774,-2.09733891487122,9.32559967041016,22.97397041,55.703,33.2571261188022
2025,Guinea,GIN,2009 [YR2009],43.8636675395894,41.2808643985024,-2.116455078125,9.34879016876221,23.71565628,56.052,33.5352385165154
2026,Guinea,GIN,2010 [YR2010],43.9202562200658,42.3086684030604,-1.6870790719986,10.5439796447754,22.59741783,56.431,33.8075426880206
2027,Guinea,GIN,2011 [YR2011],45.7355495093342,43.3697297737262,-1.38805401325226,10.6184597015381,24.12806129,56.778,34.0732054685603
2028,Guinea,GIN,2012 [YR2012],47.8451474722102,44.4472611102067,-1.2870124578476,10.0085697174072,23.70012856,57.117,34.3313936933767
2029,Guinea,GIN,2013 [YR2013],37.4448110683296,45.5472611102067,-1.22985172271729,10.4364004135132,25.90467834,57.459,34.5812741977122
2030,Guinea,GIN,2014 [YR2014],39.8496366263944,46.6910467198437,-0.95524275302887,10.8547201156616,36.63517761,57.581,34.8177920826682
2042,Guinea-Bissau,GNB,2005 [YR2005],48.4840706098473,49.1317567567568,-0.562525928020477,2.26420998573303,21.07736206,52.949,38.3801443659997
2043,Guinea-Bissau,GNB,2006 [YR2006],48.5140057166139,50.3308321479374,-0.494073361158371,2.62031006813049,22.78861237,54.089,38.6871193165452
2061,Guyana,GUY,2003 [YR2003],25.5932264409115,3.87656083312167,-0.436319321393967,7.17658996582031,68.19880676,64.117,28.3083472486662
2062,Guyana,GUY,2004 [YR2004],24.5833797227468,3.87309118618237,-0.554896175861359,10.3284902572632,74.69225311,64.214,28.0668850172523
2063,Guyana,GUY,2005 [YR2005],24.0485081255405,3.8654508509017,-0.454965949058533,10.8724203109741,85.35713959,64.392,27.7758550706193
2064,Guyana,GUY,2006 [YR2006],23.9375255270104,3.85555499110998,-0.734118461608887,10.9942598342896,98.34314728,64.848,27.4604582346121
2065,Guyana,GUY,2007 [YR2007],23.9276414429482,3.84486156972314,-0.559686779975891,11.1278600692749,125.79258728,65.462,27.1458953350755
2066,Guyana,GUY,2008 [YR2008],23.9520301855779,3.83340614681229,-0.633931934833527,10.6148700714111,138.70043945,65.721,26.8573671978542
2067,Guyana,GUY,2009 [YR2009],23.9438660671232,3.82064516129032,-0.62998104095459,10.0790901184082,150.21723938,66.03,26.620074648793
2068,Guyana,GUY,2010 [YR2010],23.836323399808,3.80622809245618,-0.458965748548508,10.9517002105713,162.70393372,66.204,26.4592185137368
2069,Guyana,GUY,2011 [YR2011],23.1327579636656,3.79046482092964,-0.434282511472702,11.2686901092529,186.11392212,66.469,26.3999996185303
2070,Guyana,GUY,2012 [YR2012],24.0202750476087,3.79115062230124,-0.499614059925079,11.7027597427368,201.88832092,66.443,26.3999996185303
2142,Honduras,HND,2000 [YR2000],31.2179492340652,58.7878541424613,-0.0785963833332062,12.8694696426392,68.48374939,68.302,45.3233354392127
2145,Honduras,HND,2003 [YR2003],29.4430738497488,63.6268924836893,-0.379858076572418,15.888970375061,79.65468597,68.874,46.990184604045
2146,Honduras,HND,2004 [YR2004],28.5787777048828,65.2336580570203,-0.391061931848526,15.9416399002075,83.29620361,69.05,47.5739776096056
2150,Honduras,HND,2008 [YR2008],24.7098957241816,71.6112878720172,-0.527115523815155,17.5304298400879,149.05706787,69.657,50.0312316063593
2152,Honduras,HND,2010 [YR2010],23.6046775290367,74.7687729019573,-0.496909588575363,19.2757550175649,165.19970703,69.77,51.3273733161098
2154,Honduras,HND,2012 [YR2012],24.209066840265,77.8896773616945,-0.350115597248077,18.9442917508647,184.04154968,70.46,52.6641557109031
2155,Honduras,HND,2013 [YR2013],26.2100830737093,79.4465814639378,-0.438611596822739,19.4476759264062,176.421875,70.765,53.356379133253
2156,Honduras,HND,2014 [YR2014],24.197048630279,81.0002859951738,-0.534083962440491,19.7241865242748,172.52818298,71.032,53.8768089124249
2157,Honduras,HND,2015 [YR2015],24.6931989438968,82.5570202877826,-0.472757905721664,20.3152639116671,169.97198486,71.323,54.3828473751434
2158,Honduras,HND,2016 [YR2016],22.8829846790784,84.121726695862,-0.437456160783768,21.0025442228384,177.8835144,71.615,54.8868414578857
2159,Honduras,HND,2017 [YR2017],22.0571250886782,85.6925283760837,-0.565637111663818,24.5585599156436,169.07194519,71.805,55.3877322339915
2160,Honduras,HND,2018 [YR2018],20.5175969852982,87.2750916078291,-0.531820952892303,26.3838242053705,178.1494751,72.001,55.8852577716247
2161,Honduras,HND,2019 [YR2019],18.1436603524166,88.8697202609706,-0.569057047367096,25.3231382609304,183.75006104,72.124,56.3791561389766
2184,Hungary,HUN,2000 [YR2000],20.6558178895561,113.936297701406,0.918442904949188,37.8246803283691,313.10858154,71.2463414634146,64.2602344392211
2186,Hungary,HUN,2002 [YR2002],21.1522211901366,113.352019638474,1.26067221164703,47.357421875,473.12783813,72.3487804878049,65.0400009155273
2187,Hungary,HUN,2003 [YR2003],21.5344986819374,113.027806293238,1.13186395168304,54.6346397399902,682.86566162,72.3,64.8452987670898
2188,Hungary,HUN,2004 [YR2004],21.8498407835233,112.777795135015,0.82829761505127,61.5071411132812,798.45361328,72.6487804878049,65.0225372314453
2189,Hungary,HUN,2005 [YR2005],21.9810080314777,112.566287244727,1.00310039520264,64.9774017333984,895.20330811,72.6487804878049,66.1261367797852
2190,Hungary,HUN,2006 [YR2006],21.8234247969572,112.391139381765,0.985676109790802,66.3986663818359,893.20300293,73.0975609756098,67.0155868530273
2191,Hungary,HUN,2007 [YR2007],21.4476493915619,112.217163263029,0.747096717357635,66.2652969360352,1003.25805664,73.1512195121951,67.0041656494141
2192,Hungary,HUN,2008 [YR2008],20.9991432625418,112.020845887736,0.750263869762421,63.9738388061523,1117.20227051,73.7024390243903,68.0976986078883
2193,Hungary,HUN,2009 [YR2009],20.6233678571466,110.710814094775,0.536816298961639,61.9771690368652,943.68774414,73.9048780487805,68.4592590332031
2194,Hungary,HUN,2010 [YR2010],20.465784622626,110.460874848117,0.685783743858337,60.7487602233887,983.11083984,74.2073170731707,69.5305480957031
2195,Hungary,HUN,2011 [YR2011],21.3088927870016,110.148315475533,0.743254065513611,59.9984893798828,1063.43237305,74.8585365853659,69.4779934082031
2196,Hungary,HUN,2012 [YR2012],18.932021260415,109.580934496852,0.675794780254364,60.6758003234863,961.1383667,75.0634146341463,69.5772326660156
2197,Hungary,HUN,2013 [YR2013],17.8529756602872,109.05483265216,0.796646118164062,57.2066802978516,990.63116455,75.5658536585366,69.9277636266638
2198,Hungary,HUN,2014 [YR2014],17.9397743889142,107.747512601359,0.669904828071594,52.8164901733398,1006.15649414,75.7634146341463,70.3071053512008
2199,Hungary,HUN,2015 [YR2015],17.9802501362595,107.360891957046,0.737792491912842,50.0656509399414,870.51940918,75.5682926829269,70.4847717285156
2200,Hungary,HUN,2016 [YR2016],16.2389389235353,106.944499232961,0.64338093996048,49.47705078125,914.1932373,76.0634146341464,70.4733810424805
2201,Hungary,HUN,2017 [YR2017],17.0236884271225,106.582905982906,0.796200513839722,49.910270690918,985.07196045,75.8170731707317,70.4542541503906
2202,Hungary,HUN,2018 [YR2018],17.5018535227019,106.366031119877,0.737591445446014,50.8998908996582,1080.44775391,76.0658536585366,70.4711761474609
2203,Hungary,HUN,2019 [YR2019],14.6412354449754,106.233004602235,0.761921286582947,52.3610382080078,1054.28076172,76.3195121951219,70.4565277099609
2310,Iceland,ISL,2000 [YR2000],7.40415684416645,2.80503740648379,1.57533061504364,45.9174499511719,2855.57470703,79.6536585365854,91.9674192031642
2312,Iceland,ISL,2002 [YR2002],7.31543238709725,2.86805985037406,1.62029254436493,52.6091117858887,3046.81665039,80.5024390243903,92.1674022598912
2313,Iceland,ISL,2003 [YR2003],7.25851087930184,2.88799002493766,1.51723217964172,60.0269813537598,3839.6940918,80.9634146341464,92.3235559316863
2314,Iceland,ISL,2004 [YR2004],7.19334638476617,2.91345635910224,1.45700466632843,66.5821762084961,4414.23339844,80.9975609756098,92.4377293375354
2315,Iceland,ISL,2005 [YR2005],7.12003630306545,2.95994014962594,1.44469714164734,69.8324279785156,5079.68945313,81.5024390243902,92.377441015064
2316,Iceland,ISL,2006 [YR2006],7.00714143681389,3.03024438902743,1.45382654666901,72.9682083129883,4918.23339844,81.1585365853659,92.1949009038813
2317,Iceland,ISL,2007 [YR2007],6.84979048517238,3.10789027431421,1.48559415340424,73.1370162963867,5803.81152344,81.4536585365854,92.3614571703229
2318,Iceland,ISL,2008 [YR2008],6.68793269253617,3.16622443890274,1.21502387523651,73.5754699707031,4749.68408203,81.609756097561,93.0646442174216
2319,Iceland,ISL,2009 [YR2009],6.5615173033005,3.17704738154613,1.1908872127533,72.4675521850586,3622.97827148,81.7512195121951,93.4441340553707
2320,Iceland,ISL,2010 [YR2010],6.51049356186064,3.17247880299252,1.02225363254547,78.5030899047852,3614.03833008,81.8975609756097,93.4588348107886
2321,Iceland,ISL,2011 [YR2011],6.70874031735348,3.18218453865337,1.24400973320007,79.9194183349609,3937.31591797,82.3585365853659,93.41106112427
2322,Iceland,ISL,2012 [YR2012],6.11017540376794,3.19916209476309,1.24503207206726,79.5824813842773,3784.38378906,82.9170731707317,93.514892578125
2323,Iceland,ISL,2013 [YR2013],5.96459941016024,3.22956608478803,1.28713369369507,78.3723907470703,4095.67626953,82.0609756097561,93.6166725158692
2324,Iceland,ISL,2014 [YR2014],5.78710561432072,3.2656957605985,1.24697458744049,80.3950881958008,4522.90576172,82.8609756097561,93.6196716315805
2325,Iceland,ISL,2015 [YR2015],5.73328095255678,3.29990024937656,1.29848098754883,75.6419982910156,4303.84179688,82.4682926829268,93.727919768566
2326,Iceland,ISL,2016 [YR2016],5.27717772615425,3.34602493765586,1.34658873081207,74.7006301879883,5053.51757813,82.2048780487805,93.7822647094726
2327,Iceland,ISL,2017 [YR2017],5.83996279608708,3.42543640897756,1.33768677711487,71.3372497558594,5992.05322266,82.6609756097561,93.7718982310092
2328,Iceland,ISL,2018 [YR2018],5.55924065638007,3.49817514628583,1.39481735229492,69.3402328491211,6280.03857422,82.8609756097561,93.8526667025487
2329,Iceland,ISL,2019 [YR2019],5.48155807169081,3.5759496181692,1.61980617046356,70.6093521118164,5912.00976563,83.1634146341463,93.9770847416131
2331,India,IND,2000 [YR2000],61.511449777005,355.82076254797,-1.00120759010315,9.93826007843018,18.47883415,62.749,27.6470407512523
2333,India,IND,2002 [YR2002],62.3725221530569,369.165905979773,-1.21066498756409,10.5586500167847,20.15651703,63.649,28.1756878910456
2334,India,IND,2003 [YR2003],62.766353963477,375.624499611528,-1.50999701023102,11.0576400756836,21.89380074,64.086,28.4660287698
2335,India,IND,2004 [YR2004],62.9461722470244,382.078344471763,-1.28043293952942,11.3926801681519,24.9240799,64.484,28.7726067228528
2336,India,IND,2005 [YR2005],62.7698190473475,388.36277600826,-1.01388049125671,11.1277303695679,27.49770737,64.939,29.0945497159107
2337,India,IND,2006 [YR2006],61.1951099242157,394.485011048739,-1.06518423557281,11.9628095626831,29.37600899,65.373,29.4309857146804
2338,India,IND,2007 [YR2007],58.0211349861865,400.470881780175,-1.15429580211639,13.6564798355103,35.63138962,65.803,29.7810426848684
2339,India,IND,2008 [YR2008],54.3676481000901,406.274393496547,-1.10970735549927,15.6485204696655,37.65440369,66.247,30.1438485921815
2340,India,IND,2009 [YR2009],51.3544031327568,412.191872366045,-1.35554790496826,16.6775093078613,38.05965042,66.7,30.5185314023263
2341,India,IND,2010 [YR2010],50.1011539510167,418.231449722352,-1.27798449993134,18.5417674124116,44.79586029,67.162,30.9042190810094
2342,India,IND,2011 [YR2011],61.708624213512,424.199245255096,-1.32679533958435,23.2662700315422,48.18242264,67.623,31.2746502853309
2343,India,IND,2012 [YR2012],74.0031607462287,430.068210238834,-1.28930985927582,24.7312097156735,48.45263672,68.076,31.5898935604399
2344,India,IND,2013 [YR2013],76.2501768290597,435.838110245225,-1.22917413711548,24.1638328511587,55.46933746,68.499,31.9096789235237
2345,India,IND,2014 [YR2014],79.0373957134889,441.370107863944,-0.997911989688873,25.7536113063693,56.3490181,68.932,32.2288233408821
2346,India,IND,2015 [YR2015],73.810991410386,446.666542669658,-0.954773545265198,27.0646411471569,58.12401581,69.326,32.5472990022299
2347,India,IND,2016 [YR2016],75.7890035327013,452.020992940243,-0.960426509380341,27.0875990028504,59.72652817,69.709,32.8650780972823
2348,India,IND,2017 [YR2017],67.3122713926644,457.30592394028,-0.774099111557007,27.7311089156625,56.66844559,70.068,33.1821328157539
2349,India,IND,2018 [YR2018],68.1209525065052,462.351569862673,-0.997706770896912,28.3540737878038,57.46551132,70.415,33.4984353473598
2350,India,IND,2019 [YR2019],59.8919808842351,467.185182245332,-0.796846985816956,28.7996949674505,60.6913681,70.746,33.8139578818147
2352,Indonesia,IDN,2000 [YR2000],26.2052017856205,115.08687262286,-1.99520063400269,14.810640335083,15.39148712,66.292,41.9861540600656
2354,Indonesia,IDN,2002 [YR2002],25.5291686460049,118.288280970792,-1.58324420452118,14.6824598312378,18.97848511,66.954,43.7824069030376
2355,Indonesia,IDN,2003 [YR2003],25.1975719602112,119.864570212072,-2.09539484977722,15.7722797393799,25.51065636,67.134,44.6301761521872
2356,Indonesia,IDN,2004 [YR2004],24.8275783674222,121.397785588322,-1.90860557556152,16.1766300201416,25.98270035,65.521,45.4476736441888
2357,Indonesia,IDN,2005 [YR2005],24.3871802453844,122.966345480392,-1.5181759595871,16.6967105865479,34.09753036,67.531,46.2373757571669
2358,Indonesia,IDN,2006 [YR2006],23.8860554289587,124.606809305259,-1.41766691207886,16.767240524292,44.3965683,67.664,47.0017588692457
2359,Indonesia,IDN,2007 [YR2007],23.3156711321389,126.263615441442,-1.19806575775146,17.5765991210938,55.99677658,67.914,47.7432993585496
2360,Indonesia,IDN,2008 [YR2008],22.6167038013704,127.912368929422,-1.05679154396057,20.5209503173828,59.24273682,68.085,48.4644736032029
2361,Indonesia,IDN,2009 [YR2009],21.7298298830988,129.543311146252,-0.751153647899628,22.6933307647705,62.4021759,68.267,49.16775798133
2362,Indonesia,IDN,2010 [YR2010],20.5957258237696,131.186593584406,-0.853916168212891,23.4159086398462,85.55950165,68.364,49.8521375148888
2363,Indonesia,IDN,2011 [YR2011],17.9185723142468,132.872174396105,-0.770114183425903,25.027444191823,107.00540161,68.629,50.4830017089844
2364,Indonesia,IDN,2012 [YR2012],19.553351601333,134.591727167608,-0.593262791633606,29.0425391195214,105.85425568,68.862,51.1593933105469
2365,Indonesia,IDN,2013 [YR2013],20.1029935644832,136.271572751061,-0.51926463842392,29.894529174265,102.33824921,69.064,51.8307495117188
2366,Indonesia,IDN,2014 [YR2014],18.5354648917633,137.882705314833,-0.416824042797089,29.9904910473273,102.00482178,69.292,52.5002136230469
2367,Indonesia,IDN,2015 [YR2015],18.6712786457665,139.438934572699,-0.619956314563751,32.4590200433758,96.15701294,69.52,53.1720771789551
2368,Indonesia,IDN,2016 [YR2016],19.1310042759597,140.945267664402,-0.379699736833572,34.8307173410877,106.40021515,69.733,53.812557220459
2369,Indonesia,IDN,2017 [YR2017],16.9555634840925,142.393583234045,-0.504938721656799,35.967012362631,110.32610321,69.953,54.4541015625
2370,Indonesia,IDN,2018 [YR2018],18.4371895829409,143.781152680745,-0.552034020423889,36.1494878042588,110.71585846,70.08,55.0956840515137
2371,Indonesia,IDN,2019 [YR2019],19.4270918962783,145.132688936836,-0.502143025398254,37.3230862728703,118.22380829,70.349,55.7382049560547
2373,"Iran, Islamic Rep.",IRN,2000 [YR2000],36.4770997798349,40.778665365063,-0.727548360824585,18.780179977417,79.89089203,70.166,64.4780120849609
2375,"Iran, Islamic Rep.",IRN,2002 [YR2002],35.8809603381931,41.7565000368378,-0.773440599441528,18.2758693695068,104.64105988,71.112,65.9271621704102
2376,"Iran, Islamic Rep.",IRN,2003 [YR2003],35.3796612622671,42.2218988678504,-0.779733180999756,19.4057903289795,115.51907349,70.464,66.6049270629883
2377,"Iran, Islamic Rep.",IRN,2004 [YR2004],34.9596539283831,43.1348485964783,-0.761824309825897,21.3706798553467,139.75932312,72.04,67.2567367553711
2378,"Iran, Islamic Rep.",IRN,2005 [YR2005],34.7835218206253,44.1000853409956,-0.782738864421844,22.6841907501221,169.8145752,72.446,67.8708801269531
2379,"Iran, Islamic Rep.",IRN,2006 [YR2006],34.9942072001245,45.0605043100273,-1.04084002971649,25.3070392608643,192.07597351,72.895,68.3101850492144
2380,"Iran, Islamic Rep.",IRN,2007 [YR2007],35.5567159766256,45.8033399641445,-0.931640446186066,29.8213806152344,237.51042175,73.299,68.806189933608
2381,"Iran, Islamic Rep.",IRN,2008 [YR2008],36.3667271071338,46.3630025295317,-0.939874708652496,36.1939392089844,288.85775757,73.683,69.3790072996746
2382,"Iran, Islamic Rep.",IRN,2009 [YR2009],37.3199195486544,46.9423518504875,-1.56424200534821,36.4833183288574,354.25738525,74.041,69.99007683587
2383,"Iran, Islamic Rep.",IRN,2010 [YR2010],38.3119722581928,47.5336096171321,-1.63059186935425,42.5482215881348,424.60494995,74.39,70.6092626774386
2384,"Iran, Islamic Rep.",IRN,2011 [YR2011],39.6124799715142,48.1247071391734,-1.4217677116394,48.0596084594727,505.33276367,74.721,71.204050944517
2385,"Iran, Islamic Rep.",IRN,2012 [YR2012],38.0077616053954,48.7306785530097,-1.32392609119415,53.9002494812012,500.21826172,75.039,71.7633634041294
2386,"Iran, Islamic Rep.",IRN,2013 [YR2013],38.7525647600714,49.3717220462192,-1.24968659877777,56.4632682800293,398.3994751,75.349,72.3030873515412
2387,"Iran, Islamic Rep.",IRN,2014 [YR2014],36.3710361542807,50.0393213241976,-0.874987661838531,64.4999084472656,368.1918335,75.635,72.8324070385223
2388,"Iran, Islamic Rep.",IRN,2015 [YR2015],38.6980329606897,50.7253137356025,-0.924846887588501,70.6858520507812,380.40643311,75.907,73.3561403575949
2389,"Iran, Islamic Rep.",IRN,2016 [YR2016],37.4838145441593,51.4576905130283,-0.81402063369751,67.9112319946289,444.43972778,76.155,73.8796100096595
2390,"Iran, Islamic Rep.",IRN,2017 [YR2017],35.0159582592188,52.4047790446841,-0.933828890323639,66.351448059082,464.12908936,76.396,74.4011840820312
2391,"Iran, Islamic Rep.",IRN,2018 [YR2018],37.6762291896797,53.0773485362096,-1.34218072891235,60.8611488342285,284.95181274,76.621,74.8034286499023
2392,"Iran, Islamic Rep.",IRN,2019 [YR2019],34.0157895718045,53.6527876733436,-1.71153402328491,58.1169509887695,225.23252869,76.855,75.2038879394531
2398,Iraq,IRQ,2004 [YR2004],42.3481220691727,63.0538857260443,-3.18035173416138,15.5104904174805,51.81518173,64.634,68.2202223846538
2399,Iraq,IRQ,2005 [YR2005],42.4835358608539,64.9506093239134,-2.68864846229553,15.5580997467041,53.0551796,64.899,68.391425621866
2415,Ireland,IRL,2000 [YR2000],12.5487773722991,55.2355058789374,1.58410012722015,49.4498100280762,1564.83764648,76.5365853658537,59.1247997891425
2417,Ireland,IRL,2002 [YR2002],12.3040622950093,57.075729423719,1.50421679019928,53.5348014831543,2200.35742188,77.6341463414634,59.6367259990731
2418,Ireland,IRL,2003 [YR2003],12.1728497272074,58.0130788213093,1.34845769405365,55.8461685180664,2910.93212891,78.1390243902439,59.9120142632573
2419,Ireland,IRL,2004 [YR2004],12.0241812631519,59.0834954274931,1.17082571983337,58.9219093322754,3483.16064453,78.5390243902439,60.1994750854288
2420,Ireland,IRL,2005 [YR2005],11.8493924952309,60.3848744375091,1.29866683483124,58.8693199157715,3938.19116211,78.9439024390244,60.4882988006461
2421,Ireland,IRL,2006 [YR2006],11.5711334006069,62.0349978226158,1.19241058826447,58.4411811828613,4147.1328125,79.2414634146342,60.7703677431593
2422,Ireland,IRL,2007 [YR2007],11.183427609397,63.8545797648425,1.21519267559052,58.3019905090332,4858.64501953,79.6414634146341,61.0601979374234
2423,Ireland,IRL,2008 [YR2008],10.7846711934217,65.1697488750181,1.18687438964844,54.0174713134766,5638.77929688,80.0951219512195,61.3581903884996
2424,Ireland,IRL,2009 [YR2009],10.4732602245015,65.8350268544056,1.05736601352692,56.503978729248,5502.88769531,80.190243902439,61.6421022728798
2425,Ireland,IRL,2010 [YR2010],10.3475907744569,66.1947307301495,1.02016532421112,63.1264381408691,5133.45507813,80.7439024390244,61.8910689348512
2426,Ireland,IRL,2011 [YR2011],10.5404229786943,66.4840179997097,0.948998928070068,67.7985916137695,5545.76416016,80.7463414634146,62.0872735820277
2427,Ireland,IRL,2012 [YR2012],9.58893302932057,66.7663376397155,0.941072702407837,68.1972503662109,5210.36376953,80.8463414634146,62.2529318511038
2428,Ireland,IRL,2013 [YR2013],9.19408716106259,67.1188271156917,0.901075720787048,71.6995468139648,5313.70947266,80.9487804878049,62.4047157756118
2429,Ireland,IRL,2014 [YR2014],8.84472665206141,67.6112643344462,1.05299115180969,73.813232421875,5316.26953125,81.3487804878049,62.535401730577
2430,Ireland,IRL,2015 [YR2015],8.81158216131006,68.2531136594571,0.89533257484436,77.2321472167969,4575.94482422,81.4536585365854,62.6392123492764
2431,Ireland,IRL,2016 [YR2016],8.11019374827621,69.1351720133546,0.833849668502808,77.5571365356445,4726.31298828,81.6536585365854,62.7229399123734
2432,Ireland,IRL,2017 [YR2017],8.38429636583274,70.0746842792858,0.993410110473633,77.7806167602539,5010.25634766,82.1560975609756,62.9035196521232
2433,Ireland,IRL,2018 [YR2018],8.2986369369357,71.0991725939904,1.01136958599091,77.2828826904297,5187.05761719,82.2048780487805,63.0844503476779
2434,Ireland,IRL,2019 [YR2019],7.8923946735653,72.237712294963,0.959416449069977,75.1799392700195,5462.73095703,82.7024390243903,63.2737009154127
2457,Israel,ISR,2000 [YR2000],25.3125485744393,290.619223659889,-1.04199123382568,48.2686614990234,1473.00915527,78.9536585365854,91.2809653237465
2459,Israel,ISR,2002 [YR2002],25.1412265502932,303.604436229205,-1.46213829517365,54.9123497009277,1355.33447266,79.4512195121951,91.4444967249569
2460,Israel,ISR,2003 [YR2003],25.0639764650502,309.135859519408,-1.51878440380096,54.520580291748,1384.18737793,79.6487804878049,91.5176897789793
2461,Israel,ISR,2004 [YR2004],24.9897069811385,314.648798521257,-1.32268130779266,53.9075012207031,1438.98999023,80.1463414634146,91.5829008110251
2462,Israel,ISR,2005 [YR2005],24.9164480861416,320.244916820702,-1.24752271175385,54.8960990905762,1509.10583496,80.1512195121951,91.6384296279033
2463,Israel,ISR,2006 [YR2006],24.8430702434375,325.956561922366,-1.2592887878418,54.3149490356445,1555.56396484,80.5536585365854,91.6825760364229
2464,Israel,ISR,2007 [YR2007],24.7699951693732,331.797597042514,-1.25203287601471,57.1039505004883,1769.92504883,80.5048780487805,91.713639843393
2465,Israel,ISR,2008 [YR2008],24.6975797309857,337.744916820702,-1.32310199737549,56.4970207214355,2126.11132813,80.9512195121951,91.7292868898136
2466,Israel,ISR,2009 [YR2009],24.6261807953123,345.914972273567,-1.62521064281464,59.0821189880371,2034.45812988,81.4048780487805,91.7319738585748
2467,Israel,ISR,2010 [YR2010],24.5561552293902,352.292051756007,-1.34115171432495,61.8530311584473,2237.90795898,81.6024390243903,91.7316426703946
2468,Israel,ISR,2011 [YR2011],24.4804002133439,358.863216266174,-1.20131802558899,61.9456214904785,2442.29052734,81.6560975609756,91.7304024673781
2469,Israel,ISR,2012 [YR2012],22.1038555397058,365.549907578558,-1.07890439033508,63.5912704467773,2405.1809082,81.7048780487805,91.7276502819515
2470,Israel,ISR,2013 [YR2013],22.578207348874,372.435304990758,-1.10128474235535,62.0624198913574,2673.3371582,82.0560975609756,91.7227831465406
2471,Israel,ISR,2014 [YR2014],21.175469715827,379.653419593346,-1.03973531723022,62.1056289672852,2804.23144531,82.1536585365854,91.7151980935716
2472,Israel,ISR,2015 [YR2015],22.1043027343095,387.250462107209,-1.09781730175018,60.8227882385254,2645.78857422,82.0512195121951,91.7042921554705
2473,Israel,ISR,2016 [YR2016],18.8170113677762,394.916820702403,-0.799367249011993,60.4474411010742,2783.82495117,82.4073170731707,91.6894623646632
2474,Israel,ISR,2017 [YR2017],20.0293441275017,402.647874306839,-0.894905745983124,59.0658683776855,3074.44604492,82.5512195121951,91.6701057535759
2475,Israel,ISR,2018 [YR2018],20.5625974806507,410.480591497227,-0.918100237846375,57.3934288024902,3199.41625977,82.8024390243903,91.6456193546346
2476,Israel,ISR,2019 [YR2019],19.5556432093837,418.391866913124,-0.815568029880524,55.9445381164551,3335.24511719,82.8048780487805,91.6154002002652
2478,Italy,ITA,2000 [YR2000],26.2472831488489,192.555434569421,0.916669428348541,50.2729187011719,1524.23962402,79.7780487804878,67.1932283786243
2480,Italy,ITA,2002 [YR2002],25.2571678268558,193.054951000615,0.838429808616638,56.3153915405273,1762.53759766,80.2292682926829,67.3538786566538
2481,Italy,ITA,2003 [YR2003],24.6281664348107,194.101082788332,0.431488335132599,60.0055885314941,2163.02563477,79.9829268292683,67.4299414611787
2482,Italy,ITA,2004 [YR2004],23.9733403667848,195.55177229658,0.269257694482803,63.3327293395996,2565.62744141,80.7804878048781,67.5072499739908
2483,Italy,ITA,2005 [YR2005],23.3402929813168,196.6964540542,0.489115536212921,65.3270263671875,2677.55224609,80.7829268292683,67.5897169318419
2484,Italy,ITA,2006 [YR2006],22.622685769712,197.484972169432,0.5307337641716,67.2835083007812,2832.69775391,81.2829268292683,67.6812550714834
2485,Italy,ITA,2007 [YR2007],21.788257561314,198.690127080529,0.446970045566559,68.8725967407227,3092.58227539,81.4341463414634,67.7857771296669
2486,Italy,ITA,2008 [YR2008],20.9957277217196,200.22853191216,0.547544240951538,67.5799865722656,3504.11157227,81.4853658536585,67.9071958431441
2487,Italy,ITA,2009 [YR2009],20.4038156165254,201.392725501999,0.346905887126923,66.9516296386719,3337.75073242,81.6365853658537,68.0494239486665
2488,Italy,ITA,2010 [YR2010],20.1712406113281,202.285308976795,0.473923683166504,65.3790435791016,3217.68286133,82.0365853658537,68.2163741829857
2489,Italy,ITA,2011 [YR2011],21.3353676583094,202.986767799052,0.501207411289215,64.2492523193359,3391.98925781,82.1878048780488,68.4015073889511
2490,Italy,ITA,2012 [YR2012],18.765688121919,203.542723134878,0.508217513561249,62.3447418212891,3086.30322266,82.2390243902439,68.7608794235259
2491,Italy,ITA,2013 [YR2013],18.0540998276206,203.949752805037,0.495499193668365,60.8925285339355,3149.24267578,82.690243902439,69.3073989916076
2492,Italy,ITA,2014 [YR2014],16.8936828833708,203.980505075782,0.458165407180786,60.8831481933594,3154.27587891,83.090243902439,69.5807638614879
2493,Italy,ITA,2015 [YR2015],17.7600165229672,203.672434549131,0.363257199525833,60.941291809082,2675.67163086,82.5439024390244,69.6100006103516
2494,Italy,ITA,2016 [YR2016],15.7011486972657,203.285640373599,0.355933427810669,61.3571014404297,2699.73291016,83.2439024390244,69.5969232525286
2495,Italy,ITA,2017 [YR2017],15.9660261772019,202.903617635721,0.292910486459732,62.69580078125,2809.72143555,82.9463414634147,69.5180784259382
2496,Italy,ITA,2018 [YR2018],16.3354361294692,203.398704170865,0.326271682977676,64.4753265380859,3002.76123047,83.3463414634146,69.4800033569336
2497,Italy,ITA,2019 [YR2019],14.8936858575121,201.980545589195,0.381114274263382,65.6895065307617,2910.64672852,83.4975609756098,69.5050010681153
2499,Jamaica,JAM,2000 [YR2000],15.7509748541016,240.79649122807,0.186396479606628,13.8694095611572,194.91415405,71.281,51.7165550768252
2501,Jamaica,JAM,2002 [YR2002],15.9120130856462,243.820129270545,-0.208229526877403,16.8487892150879,174.66261292,71.478,52.1467222312645
2502,Jamaica,JAM,2003 [YR2003],15.9514800367871,245.302216066482,-0.384524792432785,18.8019199371338,149.80267334,71.585,52.3564891419558
2503,Jamaica,JAM,2004 [YR2004],15.9638977829502,246.742843951985,-0.34566855430603,18.9983196258545,182.9284668,71.542,52.5637655955662
2504,Jamaica,JAM,2005 [YR2005],15.9495055027176,248.113204062789,-0.298737347126007,17.27659034729,190.21676636,71.493,52.7685237926234
2505,Jamaica,JAM,2006 [YR2006],15.9267243980102,249.396860572484,-0.320163667201996,17.2686595916748,185.86221313,71.395,52.9707359336549
2507,Jamaica,JAM,2008 [YR2008],15.8426112691161,251.674515235457,-0.307299733161926,22.3192901611328,282.24386597,71.502,53.3674108497524
2508,Jamaica,JAM,2009 [YR2009],15.7358327818276,252.723453370268,-0.363817691802979,22.2321395874023,227.90843201,71.717,53.5618180258738
2509,Jamaica,JAM,2010 [YR2010],15.5556087039102,253.792059095106,-0.4295414686203,25.3770890609495,254.69741821,71.979,53.7535679480806
2510,Jamaica,JAM,2011 [YR2011],14.9471227221815,254.893259464451,-0.0629833340644836,24.7684625492773,274.10949707,72.245,53.956586109128
2511,Jamaica,JAM,2012 [YR2012],15.4247314936508,255.995383194829,0.12050811201334,27.0686781072538,260.90640259,72.405,54.2478817703732
2512,Jamaica,JAM,2013 [YR2013],15.7749158665666,257.034810710988,0.182374373078346,25.6212147817614,253.8757782,72.435,54.548819811983
2514,Jamaica,JAM,2015 [YR2015],16.8646376023948,258.775069252078,0.0859657227993011,26.2334142821948,284.7729187,72.214,55.1995248014924
2533,Japan,JPN,2013 [YR2013],13.2542512411266,349.643347050754,1.01914191246033,62.8381881713867,4356.15527344,83.3319512195122,91.1516595654317
2534,Japan,JPN,2014 [YR2014],13.740610303435,349.179698216735,0.96859735250473,62.7269897460938,4121.21142578,83.5878048780488,91.2548945132333
2535,Japan,JPN,2015 [YR2015],12.8685359282927,348.809327846365,1.05422055721283,62.4726600646973,3754.18115234,83.7939024390244,91.3532644103625
2536,Japan,JPN,2016 [YR2016],12.799061198144,348.631001371742,0.968189001083374,63.1872291564941,4194.22802734,83.9848780487805,91.4541254852142
2537,Japan,JPN,2017 [YR2017],13.1198276213348,348.345679012346,1.10012805461884,62.4629783630371,4135.24316406,84.099756097561,91.5498419685883
2538,Japan,JPN,2018 [YR2018],13.0790330283313,347.903978052126,1.03756272792816,62.2089385986328,4265.77929688,84.2109756097561,91.6377318609728
2539,Japan,JPN,2019 [YR2019],12.9378727869587,347.415637860082,1.01981234550476,62.1184997558594,4431.29980469,84.3563414634146,91.7164207898107
2543,Jordan,JOR,2002 [YR2002],25.673619164606,63.6453535811423,-0.456774443387985,32.2784004211426,164.75001526,72.359,78.2972918926847
2544,Jordan,JOR,2003 [YR2003],27.0384591936207,65.0705802357208,-0.0737013816833496,36.0558204650879,161.87841797,72.585,78.3069420335538
2545,Jordan,JOR,2004 [YR2004],28.4396654808796,66.6598028105168,-0.234758883714676,40.467830657959,175.04393005,72.788,78.3185350370311
2546,Jordan,JOR,2005 [YR2005],29.5832554763665,68.3316749773345,-0.132929384708405,39.7074890136719,185.0302124,72.977,78.412126230667
2547,Jordan,JOR,2006 [YR2006],30.5872298056799,72.839653218495,-0.762317538261414,37.8664016723633,188.72041321,73.225,78.755612573541
2548,Jordan,JOR,2007 [YR2007],31.6555064274482,77.3711128739801,-0.300741791725159,38.7338409423828,208.03627014,73.407,79.3358270749644
2549,Jordan,JOR,2008 [YR2008],32.6229787911999,79.2142565729828,-0.370714008808136,41.3684692382812,275.17532349,73.563,80.1290966207551
2550,Jordan,JOR,2009 [YR2009],33.3245403464634,80.4432642487047,-0.356457054615021,42.0630187988281,316.92221069,73.707,81.1117480967305
2551,Jordan,JOR,2010 [YR2010],33.5950845427671,82.1924194638432,-0.312492519617081,37.7581337455828,303.8081665,73.797,82.2601083887084
2552,Jordan,JOR,2011 [YR2011],29.6624260829934,84.2579860328903,-0.513562262058258,37.4216386327285,321.59057617,73.929,83.5505043825064
2553,Jordan,JOR,2012 [YR2012],29.0244573141249,85.4598670871818,-0.523977637290955,43.9161464129347,325.97836304,74.087,84.9592629639423
2556,Jordan,JOR,2015 [YR2015],32.1142375115077,107.509900878576,-0.606864869594574,36.6284278762539,301.63067627,75.06,89.8881391939133
2557,Jordan,JOR,2016 [YR2016],28.3754804489745,112.70969813021,-0.496246248483658,34.0612635636995,278.13378906,75.55,90.56272794707
2558,Jordan,JOR,2017 [YR2017],28.3831683592571,115.276255913494,-0.434586673974991,28.6210570991622,289.04656982,76.071,90.8764609714428
2559,Jordan,JOR,2018 [YR2018],30.8911213683016,117.84530299617,-0.379854559898376,31.5562985544301,289.47106934,76.491,91.2008859099729
2560,Jordan,JOR,2019 [YR2019],31.2597313487439,120.187073450909,-0.276885151863098,30.1108403894558,294.92785645,76.865,91.515966492507
2562,Kazakhstan,KAZ,2000 [YR2000],16.6954213743656,5.74178723561877,0.0900903418660164,30.799259185791,49.093647,63.793,56.0239607657944
2568,Kazakhstan,KAZ,2006 [YR2006],16.8840447043122,5.9650020372634,0.207937806844711,54.5240592956543,170.9365387,65.722,54.4137278108953
2572,Kazakhstan,KAZ,2010 [YR2010],20.5118750922389,6.23654850538949,0.52297180891037,46.7229330476587,240.6149292,68.257,54.2054127497102
2573,Kazakhstan,KAZ,2011 [YR2011],25.4893926987852,6.32144386413305,-0.338570564985275,50.4275094921369,293.73300171,69.108,54.3996086425518
2574,Kazakhstan,KAZ,2012 [YR2012],27.2031824448933,6.4103811534615,-0.408455014228821,52.1525037230692,365.04208374,69.939,54.69208192838
2575,Kazakhstan,KAZ,2013 [YR2013],25.8443738560699,6.50313071822795,-0.402473896741867,45.8669276379862,358.91342163,70.719,55.0779764821252
2576,Kazakhstan,KAZ,2014 [YR2014],23.8358367012493,6.5993573360003,0.0360181555151939,51.0877733655657,369.68508911,71.415,55.5524361787178
2577,Kazakhstan,KAZ,2015 [YR2015],22.5590495991917,6.69858465755454,-0.0383530743420124,48.3464575023644,310.01428223,72.024,56.1106048930882
2578,Kazakhstan,KAZ,2016 [YR2016],22.7637525232887,6.80208912101345,0.0014629734214395,46.0492258820674,255.84049988,72.549,56.7476265001667
2579,Kazakhstan,KAZ,2017 [YR2017],21.0166106765309,6.90889024706449,0.0243496801704168,49.9712092283595,272.98272705,72.996,57.4586448748837
2580,Kazakhstan,KAZ,2018 [YR2018],20.5938700993782,7.01290032225803,-0.0524022579193115,51.9662639587064,266.92147827,73.369,58.2388038921695
2581,Kazakhstan,KAZ,2019 [YR2019],20.8569853852639,7.11544060451161,-0.168037340044975,57.3421123781351,263.61331177,73.658,59.0832474269546
2583,Kenya,KEN,2000 [YR2000],21.1420927289239,53.8406894612925,-1.06835269927979,2.81501007080078,21.53400993,56.084,19.4553832211834
2585,Kenya,KEN,2002 [YR2002],20.2950452058061,57.3317777699687,-1.18801403045654,2.87671995162964,22.28772163,56.759,21.8586568137501
2587,Kenya,KEN,2004 [YR2004],18.9859717609877,60.992822504129,-1.08735477924347,2.96267008781433,27.65002823,57.947,25.4147539714454
2588,Kenya,KEN,2005 [YR2005],18.7357077200666,62.8957444565485,-1.25050592422485,3.00099992752075,30.9943428,58.51,27.2686745625048
2592,Kenya,KEN,2009 [YR2009],21.8123400307101,70.9999139051903,-1.42558062076569,3.99230003356934,55.455616,60.483,31.8603086707305
2598,Kenya,KEN,2015 [YR2015],24.7760612569464,82.4529008736797,-1.24134790897369,9.25319496188721,70.94755554,62.279,31.7338026039958
2599,Kenya,KEN,2016 [YR2016],24.0211862534612,84.0057771361452,-1.35445654392242,11.6347883294504,73.88768005,62.526,31.6502520105647
2600,Kenya,KEN,2017 [YR2017],19.9015512654464,85.5601194522199,-1.12843883037567,11.8049232142021,66.46552277,62.725,31.5383650847102
2602,Kenya,KEN,2019 [YR2019],19.5705272264405,88.4453894988127,-1.10576343536377,10.4975595474243,85.64528656,62.939,31.1895566421135
2646,"Korea, Rep.",KOR,2000 [YR2000],25.4379884924397,487.332687124197,0.398045033216476,74.6898574829102,475.2520752,75.909756097561,79.579960745642
2648,"Korea, Rep.",KOR,2002 [YR2002],25.1965130774737,492.248538072115,0.24177360534668,80.7160491943359,537.16113281,76.7658536585366,80.2766294544335
2649,"Korea, Rep.",KOR,2003 [YR2003],24.9988034168125,494.755475206612,0.248543098568916,84.4563903808594,685.28436279,77.2146341463415,80.707793508044
2650,"Korea, Rep.",KOR,2004 [YR2004],24.756436615214,496.617630654823,0.428842574357986,89.8009033203125,765.10858154,77.6658536585366,81.104386778171
2651,"Korea, Rep.",KOR,2005 [YR2005],24.4744057935641,497.517408363449,0.485128581523895,95.3700103759766,945.30609131,78.1682926829268,81.3901352283669
2652,"Korea, Rep.",KOR,2006 [YR2006],23.9837806396341,499.982369942197,0.42385545372963,99.9493103027344,1131.65930176,78.6682926829268,81.566462110512
2653,"Korea, Rep.",KOR,2007 [YR2007],23.2554477166084,502.307449442839,0.566254734992981,102.949272155762,1256.11560059,79.119512195122,81.712125801927
2654,"Korea, Rep.",KOR,2008 [YR2008],22.504125458493,505.770780492834,0.420968681573868,103.136177062988,1171.5625,79.5170731707317,81.8350833138518
2655,"Korea, Rep.",KOR,2009 [YR2009],21.9445322992938,508.013960436843,0.409627974033356,102.658447265625,1146.5637207,79.9682926829268,81.9245045084002
2656,"Korea, Rep.",KOR,2010 [YR2010],21.7913866730167,509.815967078189,0.325895816087723,101.673286437988,1413.15209961,80.1170731707317,81.9685075986486
2657,"Korea, Rep.",KOR,2011 [YR2011],24.8830450375162,513.804280275749,0.412495642900467,100.819679260254,1562.21313477,80.5682926829269,81.9615408086376
2658,"Korea, Rep.",KOR,2012 [YR2012],25.5767916080653,515.875583187751,0.267103314399719,98.286979675293,1591.78039551,80.819512195122,81.9087898200378
2659,"Korea, Rep.",KOR,2013 [YR2013],27.4929658439861,517.612269825303,0.278578639030457,96.3375015258789,1727.56616211,81.2707317073171,81.8269383502703
2660,"Korea, Rep.",KOR,2014 [YR2014],28.3760075385872,520.852499230217,0.108568802475929,94.4421691894531,1909.91503906,81.7219512195122,81.7315682816954
2661,"Korea, Rep.",KOR,2015 [YR2015],26.2899620146574,523.525547744882,0.156361043453217,93.9676513671875,1933.61779785,82.0243902439024,81.639489860678
2662,"Korea, Rep.",KOR,2016 [YR2016],26.6704344134095,525.370072521002,0.153576508164406,93.6577224731445,2015.13208008,82.2756097560976,81.5559241797057
2663,"Korea, Rep.",KOR,2017 [YR2017],26.0043671138493,526.734806686494,0.381830722093582,93.7230224609375,2221.75146484,82.6268292682927,81.471030429984
2664,"Korea, Rep.",KOR,2018 [YR2018],25.9343920098722,528.969011484824,0.638123750686646,93.3281784057617,2493.33569336,82.6268292682927,81.3823523035196
2665,"Korea, Rep.",KOR,2019 [YR2019],26.0153634264606,530.377274590164,0.547197937965393,93.9989166259766,2592.47851563,83.2268292682927,81.2901063535619
2690,Kuwait,KWT,2002 [YR2002],61.7771352874504,115.59898989899,-0.146744310855865,19.2795295715332,578.41534424,76.5316341463415,99.5090276880805
2691,Kuwait,KWT,2003 [YR2003],62.9365619789798,118.399607182941,0.294286906719208,19.5890598297119,626.35095215,76.6445609756098,99.7655794280652
2692,Kuwait,KWT,2004 [YR2004],63.7459379536381,121.061728395062,0.345240026712418,19.9746398925781,649.42504883,76.7276829268293,99.94716743531
2702,Kuwait,KWT,2014 [YR2014],50.028931868526,205.716947250281,0.149006545543671,55.893130577116,1293.8326416,79.0803414634146,100.0
2703,Kuwait,KWT,2015 [YR2015],64.5479644305319,215.183726150393,-0.219549298286438,58.9434554973822,1259.55786133,79.3765609756098,100.0
2704,Kuwait,KWT,2016 [YR2016],59.2319560603482,224.696745230079,-0.0565007105469704,59.2213394214596,1292.71984863,79.6775853658537,100.0
2705,Kuwait,KWT,2017 [YR2017],58.1291719707309,233.1544332211,-0.0512290969491005,54.9159622359267,1351.72387695,79.9160731707317,100.0
2706,Kuwait,KWT,2018 [YR2018],63.4583554482098,242.621492704826,0.0906421020627022,52.1066893601774,1658.60375977,80.1063658536585,100.0
2707,Kuwait,KWT,2019 [YR2019],52.7825054963873,249.288215488215,0.175173386931419,50.4400595299189,1643.16491699,81.969756097561,100.0
2709,Kyrgyz Republic,KGZ,2000 [YR2000],23.0380260652668,25.5389051094891,-0.182534769177437,33.69287109375,12.0349474,68.5585365853659,35.3216067847574
2711,Kyrgyz Republic,KGZ,2002 [YR2002],22.7582935832493,26.020354535975,-0.614730596542358,42.2281188964844,14.4122982,68.1560975609756,35.3118703235333
2712,Kyrgyz Republic,KGZ,2003 [YR2003],22.5598882498993,26.2946193952033,-1.09949171543121,39.491138458252,21.68980598,68.2560975609756,35.3086519815317
2713,Kyrgyz Republic,KGZ,2004 [YR2004],22.4234306479412,26.6147705943691,-1.18346691131592,39.1110000610352,26.37302399,68.1536585365854,35.3058886953128
2714,Kyrgyz Republic,KGZ,2005 [YR2005],22.4246511220895,26.9167883211679,-1.1744259595871,40.615779876709,34.93693161,67.9560975609756,35.3030968124082
2715,Kyrgyz Republic,KGZ,2006 [YR2006],22.6379509127344,27.2073670490094,-1.38557076454163,41.6426811218262,44.5950737,67.6951219512195,35.2997926803498
2716,Kyrgyz Republic,KGZ,2007 [YR2007],23.1168779099364,27.468117831074,-0.990260481834412,41.4537391662598,49.61043167,67.8951219512195,35.2954926466692
2717,Kyrgyz Republic,KGZ,2008 [YR2008],23.9058824329157,27.7305995828989,-0.567302405834198,45.5842208862305,62.77722549,68.4512195121951,35.2897130588983
2718,Kyrgyz Republic,KGZ,2009 [YR2009],25.0494148008925,28.1003284671533,-0.622969388961792,43.4328689575195,59.93972397,69.1024390243903,35.2815523593591
2719,Kyrgyz Republic,KGZ,2010 [YR2010],26.5919253330871,28.5039572471324,-1.0396523475647,42.2182042645436,60.67642975,69.3,35.267768240398
2720,Kyrgyz Republic,KGZ,2011 [YR2011],33.450584373058,28.9185974973931,-1.09803068637848,42.4374714139813,78.73632813,69.6024390243903,35.2466507961984
2721,Kyrgyz Republic,KGZ,2012 [YR2012],34.3817087122114,29.4685922836288,-0.911251366138458,45.2330629115781,98.66984558,70.0024390243902,35.218916221918
2722,Kyrgyz Republic,KGZ,2013 [YR2013],33.828057010964,30.1206986444213,-0.911773800849915,48.5727890390198,103.59188843,70.2024390243902,35.1850529225105
2723,Kyrgyz Republic,KGZ,2014 [YR2014],30.5484635194377,30.7916996871741,-0.804615676403046,46.360320327803,93.15830994,70.4024390243902,35.1455493029297
2724,Kyrgyz Republic,KGZ,2015 [YR2015],29.7484121402712,31.4913242961418,-0.882429659366608,46.5495890237956,79.54891205,70.6512195121951,35.1008937681291
2725,Kyrgyz Republic,KGZ,2016 [YR2016],29.0193222002259,32.1967570385819,-0.652019679546356,44.5886036787376,71.52179718,70.9512195121951,35.0515747230627
2726,Kyrgyz Republic,KGZ,2017 [YR2017],26.8562254174832,32.8816266944734,-0.362505912780762,41.5760302696793,76.60479736,71.2,34.9980805726839
2727,Kyrgyz Republic,KGZ,2018 [YR2018],27.4518144818682,33.5979092805005,-0.529712080955505,39.5679556504749,65.34625244,71.4,34.9408997219466
2728,Kyrgyz Republic,KGZ,2019 [YR2019],26.7613844313409,34.3598070907195,-0.26556807756424,40.8257000638543,61.39657974,71.6,34.8805205758044
2730,Lao PDR,LAO,2000 [YR2000],28.820009114765,23.5321143847487,-0.577913403511047,2.64691996574402,14.10313892,58.317,22.1840964350091
2732,Lao PDR,LAO,2002 [YR2002],28.8952739905149,24.3106109185442,-0.103369668126106,4.05916023254395,12.90540886,59.302,24.5247834668291
2733,Lao PDR,LAO,2003 [YR2003],28.9554957475365,24.6878032928943,-1.23235356807709,4.79725980758667,17.59125519,59.643,25.5945881340707
2734,Lao PDR,LAO,2004 [YR2004],28.9399726698219,25.0503726169844,-0.611157953739166,5.579430103302,16.23278809,60.08,26.5371091732139
2735,Lao PDR,LAO,2005 [YR2005],28.7806014717458,25.4312088388215,-0.49144771695137,7.60128021240234,17.33082581,60.688,27.3224977292697
2736,Lao PDR,LAO,2006 [YR2006],28.4053138984033,25.8370883882149,-0.0852985605597496,8.78625965118408,19.22654533,61.074,28.0378756242097
2737,Lao PDR,LAO,2007 [YR2007],27.7775269837477,26.2401906412478,-0.176476791501045,11.2626600265503,24.56666374,61.694,28.7343050001346
2738,Lao PDR,LAO,2008 [YR2008],26.8823653754409,26.6419800693241,0.01727613247931,13.0783004760742,26.74945259,62.248,29.4034348148069
2739,Lao PDR,LAO,2009 [YR2009],25.7049537211446,27.0435095320624,-0.15804822742939,16.2123508453369,35.71521378,63.023,30.0420311503825
2740,Lao PDR,LAO,2010 [YR2010],24.2304166685204,27.4445147313691,-0.282062977552414,16.6638298034668,34.52460861,63.69,30.6468600890172
2741,Lao PDR,LAO,2011 [YR2011],20.5789011650413,27.8448440207972,-0.058007225394249,17.4954696423161,27.11878395,64.505,31.2146877128668
2742,Lao PDR,LAO,2012 [YR2012],22.4365696992954,28.2451386481802,0.0337390303611755,17.330766926856,32.46548843,65.126,31.7422801040872
2743,Lao PDR,LAO,2013 [YR2013],24.2423626108046,28.6455155979203,0.0674438998103142,18.9224448772621,43.49770355,65.723,32.2264033448341
2744,Lao PDR,LAO,2014 [YR2014],21.3928997917018,29.0432062391681,0.498692989349365,18.4954952643985,45.53330612,66.35,32.6638235172635
2745,Lao PDR,LAO,2015 [YR2015],20.1670988613747,29.4698656845754,0.53887152671814,18.1574846273063,52.04236603,66.688,33.1240204432199
2746,Lao PDR,LAO,2016 [YR2016],22.463787282601,29.934150779896,0.524906516075134,17.0880719461771,54.3762207,67.014,33.8267455533474
2747,Lao PDR,LAO,2017 [YR2017],19.1515982168711,30.4079159445407,0.394012778997421,15.4112577339384,61.42248535,67.345,34.5115346444216
2748,Lao PDR,LAO,2018 [YR2018],20.9840690040935,30.8840771230503,0.407969743013382,14.4969749098337,57.1708374,67.594,35.2050070032013
2749,Lao PDR,LAO,2019 [YR2019],22.4289603771825,31.3589081455806,0.530352234840393,13.7404020217342,67.57865143,67.911,35.9072880879451
2835,Latvia,LVA,2000 [YR2000],22.4970757971078,38.0469892490398,0.419434159994125,56.2438011169434,181.57072449,70.3146341463415,68.0520561441955
2837,Latvia,LVA,2002 [YR2002],20.5080341220557,37.1249296928986,0.94435715675354,67.8093032836914,237.29516602,70.9609756097561,67.9813450702046
2838,Latvia,LVA,2003 [YR2003],19.4158394192282,36.7678821090523,1.00164318084717,71.0342407226562,280.50878906,71.2658536585366,67.9493840506358
2839,Latvia,LVA,2004 [YR2004],18.5452444962024,36.3688109663008,0.616755247116089,74.6085586547852,393.29806519,72.0268292682927,67.9206702831277
2840,Latvia,LVA,2005 [YR2005],18.1112861204801,35.9779356228004,0.814021408557892,75.4191970825195,440.8097229,71.3560975609756,67.8953910570353
2841,Latvia,LVA,2006 [YR2006],18.0087086881248,35.6494287045816,0.838368713855743,74.5965118408203,552.30163574,70.8658536585366,67.873733661714
2842,Latvia,LVA,2007 [YR2007],17.9604077828999,35.3596509553731,0.561930537223816,73.0432968139648,775.19146729,71.019512195122,67.8558853865191
2843,Latvia,LVA,2008 [YR2008],17.9236469538566,34.9899882687579,0.203508123755455,72.3635406494141,913.52148438,72.419512195122,67.8420335208058
2844,Latvia,LVA,2009 [YR2009],17.8556897500464,34.4170376203256,0.348279803991318,73.0548934936523,744.66162109,73.0804878048781,67.8323653539295
2845,Latvia,LVA,2010 [YR2010],17.7137997205206,33.7081170552975,0.527854025363922,69.0510406494141,689.07720947,73.4829268292683,67.8270681752453
2846,Latvia,LVA,2011 [YR2011],15.525589653222,33.0999244700853,0.320002138614655,67.9534683227539,764.59179688,73.5756097560976,67.8266897008267
2847,Latvia,LVA,2012 [YR2012],14.9825047352387,32.691902228936,0.453626722097397,66.6435470581055,745.51745605,73.7780487804878,67.8331638942219
2848,Latvia,LVA,2013 [YR2013],15.4093695076531,32.3436289713468,0.593635261058807,69.0765991210938,807.13000488,73.9829268292683,67.847334482933
2849,Latvia,LVA,2014 [YR2014],16.0993170108535,32.0404647500281,0.487268358469009,70.8979415893555,856.76654053,74.1243902439024,67.8686035364944
2850,Latvia,LVA,2015 [YR2015],13.6554000536401,31.7792437366417,0.436310410499573,74.2998809814453,775.86431885,74.4804878048781,67.8965395668259
2851,Latvia,LVA,2016 [YR2016],12.6030729844024,31.4901409356067,0.467219561338425,80.6048126220703,874.79772949,74.580487804878,67.9307110858472
2852,Latvia,LVA,2017 [YR2017],11.6679973108454,31.2123033409935,0.452954679727554,88.0574264526367,932.50158691,74.6292682926829,67.9706866054779
2853,Latvia,LVA,2018 [YR2018],14.2076039693657,30.9700612274415,0.395444005727768,93.0244827270508,1101.49243164,74.7829268292683,68.0160346376376
2854,Latvia,LVA,2019 [YR2019],12.4865833165492,30.755491989008,0.426870435476303,94.8645324707031,1183.1151123,75.3878048780488,68.066323694246
2877,Lebanon,LBN,2000 [YR2000],17.9829558305759,423.200391006843,-0.439044535160065,28.1094799041748,425.70095825,73.895,86.0
2879,Lebanon,LBN,2002 [YR2002],18.108623271323,436.315151515152,-0.35481521487236,33.2399406433105,391.74139404,74.836,86.2942846645228
2880,Lebanon,LBN,2003 [YR2003],18.2496665183829,442.3761485826,-0.459642589092255,33.0007705688477,373.35971069,75.275,86.4475351790771
2881,Lebanon,LBN,2004 [YR2004],18.4290560374433,449.587390029325,-0.713360965251923,34.8977317810059,368.01425171,75.693,86.6049279736931
2882,Lebanon,LBN,2005 [YR2005],18.636446769161,456.608211143695,-0.999740839004517,36.9155197143555,347.40252686,76.074,86.7665156672703
2883,Lebanon,LBN,2006 [YR2006],19.1289192451531,464.431671554252,-1.8038626909256,38.105541229248,401.43670654,75.677,86.9323508787087
2884,Lebanon,LBN,2007 [YR2007],19.9880976020014,473.520821114369,-2.11909532546997,40.4916915893555,438.71112061,76.732,87.1024862269079
2885,Lebanon,LBN,2008 [YR2008],20.9404521878108,481.461779081134,-1.87660884857178,41.7746200561523,462.17767334,76.956,87.2769743307677
2886,Lebanon,LBN,2009 [YR2009],21.7124533506863,488.004594330401,-1.5616968870163,41.8963890075684,496.88284302,77.262,87.4558678091878
2887,Lebanon,LBN,2010 [YR2010],22.0305714387326,492.794525904203,-1.62501502037048,42.1777031083244,567.25506592,77.529,87.6392192810679
2888,Lebanon,LBN,2011 [YR2011],19.3450935433656,498.144672531769,-1.55828750133514,45.5351218323996,640.69805908,77.768,87.8270813653079
2889,Lebanon,LBN,2012 [YR2012],18.7841957919463,511.802737047898,-1.66481232643127,44.9326117621184,588.83917236,77.941,88.0195066808075
2890,Lebanon,LBN,2013 [YR2013],20.2507464209249,561.430694037146,-1.69035339355469,48.3089213263461,576.87176514,78.037,88.2165478464663
2891,Lebanon,LBN,2014 [YR2014],20.3631198495282,620.429130009775,-1.69794130325317,42.9353408813477,569.97937012,78.148,88.4182574811842
2892,Lebanon,LBN,2015 [YR2015],20.6861467732003,632.694916911046,-1.69836449623108,39.2905242294107,572.07220459,78.275,88.6246882038608
2893,Lebanon,LBN,2016 [YR2016],19.360236111926,618.089931573803,-1.61568403244019,42.5074771456909,640.96563721,78.306,88.835892633396
2894,Lebanon,LBN,2017 [YR2017],18.8914613898948,602.163049853372,-1.62222766876221,44.1878772500135,671.77996826,78.192,89.0519233886895
2895,Lebanon,LBN,2018 [YR2018],19.9808899582131,584.957869012708,-1.62160050868988,47.2296269060678,740.46942139,78.263,89.272833088641
2896,Lebanon,LBN,2019 [YR2019],20.5970090578064,566.431476050831,-1.67235708236694,50.1483937104215,779.60778809,78.208,89.4986743521503
2898,Lesotho,LSO,2000 [YR2000],24.5043099431081,66.0050395256917,0.0961097478866577,2.08551001548767,23.71122551,48.783,19.3273988558381
2900,Lesotho,LSO,2002 [YR2002],22.7786136777816,65.7008893280632,-0.0474211908876896,2.2450098991394,23.2145462,45.95,20.4926272688562
2901,Lesotho,LSO,2003 [YR2003],21.7379693349774,65.3840250329381,0.0996745452284813,2.70279002189636,32.02215576,44.921,21.1231084926925
2903,Lesotho,LSO,2005 [YR2005],20.5949314804153,64.3305665349144,-0.0028113410808146,3.44801998138428,41.66717911,43.611,22.5317981562788
2904,Lesotho,LSO,2006 [YR2006],21.0739780096359,64.0666337285902,-0.124705359339714,3.67536997795105,49.67809296,43.182,23.3329886243114
2910,Lesotho,LSO,2012 [YR2012],26.5241576357391,67.0077075098814,0.274199098348618,10.8528418132462,126.1050415,48.235,29.8970340055453
2911,Lesotho,LSO,2013 [YR2013],25.2428493312626,67.7372859025033,0.338074296712875,10.4558385996916,131.54730225,49.547,31.2407460933407
2912,Lesotho,LSO,2014 [YR2014],26.801156032785,68.5141304347826,-0.332812041044235,10.4168970963646,121.34915924,50.786,32.6404409096604
2913,Lesotho,LSO,2015 [YR2015],25.8911063728927,69.321837944664,-0.3187076151371,9.72517754374624,105.09508514,51.83,34.0903875831861
2915,Lesotho,LSO,2017 [YR2017],22.4347012157399,71.0510540184453,-0.194124817848206,10.3130654092878,115.9289093,53.874,36.5283648068846
2916,Lesotho,LSO,2018 [YR2018],23.0240026773582,71.9236824769433,-0.188606411218643,9.93844298033582,131.43312073,54.638,37.569092747415
2919,Liberia,LBR,2000 [YR2000],40.1117652111733,30.3998857973422,-1.95288050174713,18.5271492004394,8.48562813,51.852,43.7710042955819
2929,Liberia,LBR,2010 [YR2010],33.6519945022688,42.1396387043189,-0.468525290489197,9.00753004752703,50.15371704,59.358,48.1407517057907
2931,Liberia,LBR,2012 [YR2012],40.950862253654,45.4011939368771,-0.484476506710052,10.838520055325,49.88091278,59.785,49.1773247639526
2940,Libya,LBY,2000 [YR2000],35.9654901658373,3.01500448980984,-0.294286817312241,46.5393905639648,247.1134491,70.542,86.9508513726842
2942,Libya,LBY,2002 [YR2002],37.6270729377772,3.13059663321095,-0.0953808054327965,56.240291595459,181.7310791,70.788,87.6256192750746
2943,Libya,LBY,2003 [YR2003],39.2184710587122,3.19367448310354,0.120704226195812,58.543701171875,189.72729492,70.996,87.8659880500458
2982,Lithuania,LTU,2000 [YR2000],18.083013444041,55.8317804722399,0.428785473108292,50.8968200683594,217.1761322,72.0195121951219,66.9768374826555
2984,Lithuania,LTU,2002 [YR2002],16.4295435196153,54.9308710912572,0.893210649490356,63.0700798034668,254.36688232,71.7609756097561,66.8887100219727
2985,Lithuania,LTU,2003 [YR2003],15.5425823302599,54.4864869176771,1.05018544197083,69.6304168701172,338.86306763,72.0609756097561,66.7596664428711
2986,Lithuania,LTU,2004 [YR2004],14.8205310765714,53.8780312699426,0.766004860401154,74.9013824462891,366.95968628,71.9609756097561,66.6022567749023
2987,Lithuania,LTU,2005 [YR2005],14.4171853238712,53.0077855775367,0.779100298881531,79.7298126220703,438.93267822,71.2536585365854,66.5784912109375
2988,Lithuania,LTU,2006 [YR2006],14.2765715251915,52.1682992980217,0.870995998382568,82.4531784057617,536.05737305,71.0560975609756,66.6381530761719
2989,Lithuania,LTU,2007 [YR2007],14.2038714091332,51.5522335673261,0.817851543426514,82.5158309936523,704.29315186,70.9,66.7184982299805
2990,Lithuania,LTU,2008 [YR2008],14.1446134543711,51.0288153171121,0.746765077114105,85.7450866699219,936.50933838,71.8121951219512,66.7527770996094
2991,Lithuania,LTU,2009 [YR2009],14.0443261395798,50.4653530115676,0.631581246852875,89.2521667480469,864.73638916,72.9146341463415,66.7816619873047
2992,Lithuania,LTU,2010 [YR2010],13.8485379434341,49.418141204627,0.715260624885559,86.5725708007812,805.2244873,73.2682926829268,66.7712860107422
2993,Lithuania,LTU,2011 [YR2011],12.3194519812497,48.3153301209433,0.671200335025787,84.0555877685547,925.47161865,73.5634146341464,66.7518340055756
2994,Lithuania,LTU,2012 [YR2012],12.373124789345,47.6934454478731,0.786209881305695,79.7516326904297,896.93707275,73.8634146341464,66.8536758422852
2995,Lithuania,LTU,2013 [YR2013],12.4131714589563,47.2477064220183,0.964532315731049,73.533203125,958.92718506,73.9146341463415,67.0092086791992
2996,Lithuania,LTU,2014 [YR2014],12.7577404745041,46.8835275339186,0.742136418819427,68.8998870849609,1021.23297119,74.5170731707317,67.1514937628023
2997,Lithuania,LTU,2015 [YR2015],11.3028578201847,46.4662250598563,0.749750256538391,67.7426528930664,920.19976807,74.3219512195122,67.2282485961914
2998,Lithuania,LTU,2016 [YR2016],10.2329418108878,45.9328405861882,0.8147212266922,67.7418518066406,988.5279541,74.6707317073171,67.1894226074219
2999,Lithuania,LTU,2017 [YR2017],9.79993642739852,45.3798470650213,0.765565991401672,68.3863372802734,1078.17138672,75.4804878048781,67.1012954711914
3000,Lithuania,LTU,2018 [YR2018],11.0838572805935,45.0135717707169,0.729236841201782,69.7188034057617,1249.03100586,75.6804878048781,67.1464742010457
3001,Lithuania,LTU,2019 [YR2019],10.2465023749528,44.8912328329607,0.770623564720154,70.1848678588867,1369.97949219,76.2829268292683,67.245735168457
3066,Luxembourg,LUX,2000 [YR2000],14.2553412411783,169.472433053922,1.60547471046448,9.96280002593994,2901.19995117,77.8731707317073,84.4182155177842
3068,Luxembourg,LUX,2002 [YR2002],13.9364482552271,173.30818890175,1.63791656494141,11.6310997009277,3600.86743164,77.9658536585366,85.203425653095
3069,Luxembourg,LUX,2003 [YR2003],13.7908891605103,175.427079853639,1.44070816040039,12.0609903335571,4607.40283203,77.7268292682927,85.5906295073034
3072,Luxembourg,LUX,2006 [YR2006],13.4267295726474,183.586849281014,1.3998988866806,9.85431003570557,6070.73583984,79.2878048780488,86.7738936810355
3074,Luxembourg,LUX,2008 [YR2008],13.2608348415223,189.806794434561,1.51193952560425,10.6716299057007,7578.74951172,80.5390243902439,87.6037664162874
3076,Luxembourg,LUX,2010 [YR2010],13.0161727518124,196.916246513832,1.46121859550476,18.2021293640137,7459.83544922,80.6317073170732,88.48791681658
3078,Luxembourg,LUX,2012 [YR2012],11.3764588719617,206.235870823396,1.33191883563995,19.117790222168,6029.47460938,81.3926829268293,89.4405768017292
3081,Luxembourg,LUX,2015 [YR2015],10.3915303158858,221.251835336342,1.42636823654175,20.2907104492188,5421.93212891,82.2926829268293,90.9893679353068
3082,Luxembourg,LUX,2016 [YR2016],9.61318538725802,226.072263698018,1.40361714363098,19.9203605651856,5475.13964844,82.6853658536585,91.5357090052649
3083,Luxembourg,LUX,2017 [YR2017],9.60846654630366,231.635372078028,1.3128936290741,19.5990200042725,5713.11865234,82.0951219512195,92.0963768119916
3084,Luxembourg,LUX,2018 [YR2018],9.29178826573985,236.146609386046,1.34749054908752,19.3915195465088,6227.08398438,82.2951219512195,92.6709441899184
3085,Luxembourg,LUX,2019 [YR2019],8.4591046194554,240.827591028798,1.3333135843277,19.3969497680664,6221.73876953,82.6390243902439,93.2589839734767
3108,Madagascar,MDG,2000 [YR2000],11.9155371328738,28.4010351824466,0.162798807024956,2.02373003959656,11.1882658,57.974,25.0095755608264
3110,Madagascar,MDG,2002 [YR2002],12.2058972037035,30.1783419885133,-0.22530834376812,1.92859995365143,15.01983547,59.17,25.6037489918904
3111,Madagascar,MDG,2003 [YR2003],12.3230044849761,31.075857206727,0.622443974018097,2.0998899936676,17.64075851,59.693,25.8967668078478
3112,Madagascar,MDG,2004 [YR2004],12.4562272679398,31.9954053031606,0.245569571852684,2.44068002700806,14.29298973,60.168,26.1869753064804
3113,Madagascar,MDG,2005 [YR2005],12.631688555934,32.946498951061,-0.0185725726187229,2.54628992080689,15.9498682,60.664,26.4743019495822
3114,Madagascar,MDG,2006 [YR2006],12.851012042078,33.9287220139629,0.185515359044075,2.74632000923157,16.44085503,61.14,26.7586741989468
3115,Madagascar,MDG,2007 [YR2007],13.11900191265,34.9392698696564,0.0896256566047668,3.13453006744385,19.33553123,61.533,27.0400195163682
3116,Madagascar,MDG,2008 [YR2008],13.4665519107277,35.9800529628229,-0.469336181879044,3.23572993278503,20.91898537,61.992,27.31826536364
3117,Madagascar,MDG,2009 [YR2009],13.9245557793887,37.0521030367644,-0.733878493309021,3.44889998435974,19.56957817,62.304,27.5933392025561
3118,Madagascar,MDG,2010 [YR2010],14.5239072617107,38.1458541114971,-0.978338837623596,3.61032855425362,21.13975906,62.597,27.8651684949103
3119,Madagascar,MDG,2011 [YR2011],16.0170178085428,39.2273910913638,-0.705585896968842,3.99246757065153,22.88667488,62.86,28.1336807024963
3120,Madagascar,MDG,2012 [YR2012],14.7009701749296,40.327672118186,-0.536136984825134,4.04987583552392,19.30151749,63.007,28.3988032871081
3121,Madagascar,MDG,2013 [YR2013],15.504951948252,41.4391371605363,-0.659993410110474,4.186720053214,19.33186913,63.161,28.6604637105393
3122,Madagascar,MDG,2014 [YR2014],15.00220058015,42.5650532829151,-0.557235836982727,4.68533144082284,22.56570244,63.261,28.9185894345838
3123,Madagascar,MDG,2015 [YR2015],16.0777176618248,43.7035097971812,-0.427762925624847,4.65904652237845,22.29386139,63.362,29.1731079210354
3124,Madagascar,MDG,2016 [YR2016],16.138736457425,44.8606943966999,-0.294186472892761,4.6583858057243,24.20793915,63.431,29.4239466316878
3125,Madagascar,MDG,2017 [YR2017],12.5514997924024,46.0439584049502,-0.302837282419205,5.07525058069797,23.62072182,63.433,29.671033028335
3126,Madagascar,MDG,2018 [YR2018],12.7238095692816,47.2583808869027,-0.578798413276672,5.11877849200791,21.12731934,63.491,29.9181125346909
3127,Madagascar,MDG,2019 [YR2019],12.7945386496097,48.5038741835682,-0.313957303762436,5.28586006164551,15.50084877,63.504,30.3046972370204
3129,Malawi,MWI,2000 [YR2000],23.0191141072171,120.024840899448,-0.325264573097229,0.331539988517761,8.84964848,46.17,14.6770603287659
3131,Malawi,MWI,2002 [YR2002],22.9554559880107,126.012303775986,0.0081201391294598,0.385289996862411,11.17413807,48.176,14.8722487440558
3132,Malawi,MWI,2003 [YR2003],22.8887813812108,129.206342808655,0.0415767580270767,0.391519993543625,12.3155899,49.601,14.9551384691108
3133,Malawi,MWI,2004 [YR2004],22.8344376653838,132.591610097582,0.123799182474613,0.462709993124008,15.94395351,51.073,15.0316039821946
3134,Malawi,MWI,2005 [YR2005],22.8190957823576,136.19040093339,0.106631450355053,0.45329999923706,17.2403183,52.469,15.1041793656241
3135,Malawi,MWI,2006 [YR2006],22.88596892288,139.994707254985,0.120091959834099,0.479409992694855,20.95054436,53.652,15.1753987017157
3136,Malawi,MWI,2007 [YR2007],23.0652506132744,144.000243954179,0.0823792815208435,0.477120012044907,25.02168465,54.687,15.2477960727861
3139,Malawi,MWI,2010 [YR2010],24.3489614356053,157.259896054306,0.0438957661390305,1.26225889832108,33.99176025,57.787,15.4776969380518
3140,Malawi,MWI,2011 [YR2011],26.3935444962185,161.911561306746,-0.072912722826004,1.55183037174754,39.29244232,58.859,15.5523153908723
3141,Malawi,MWI,2012 [YR2012],26.4999840992823,166.626824352991,-0.0026861692313104,0.838820281170415,32.53772354,59.87,15.6253133040464
3143,Malawi,MWI,2014 [YR2014],25.9973398435068,176.299724225711,0.0810932070016861,0.827777867221161,35.337677,61.651,15.766154187056
3144,Malawi,MWI,2015 [YR2015],25.0076393017599,181.221754348748,0.0342932753264904,0.809801002249246,34.97310638,62.324,15.8338504946918
3147,Malawi,MWI,2018 [YR2018],21.1973847101807,196.521860415783,-0.431215286254883,1.6942403485732,36.70302963,64.464,16.0221486554255
3150,Malaysia,MYS,2000 [YR2000],23.5136706210687,69.9066078222493,0.0926911979913712,27.5522994995117,111.8384552,72.732,61.9694564490726
3152,Malaysia,MYS,2002 [YR2002],23.2129752557118,73.3601491401613,0.539594113826752,28.92991065979,121.61391449,73.469,64.056368465184
3153,Malaysia,MYS,2003 [YR2003],23.1072146751735,75.1167310911581,0.485534876585007,31.2641696929932,142.21202087,73.727,65.0750932867555
3154,Malaysia,MYS,2004 [YR2004],22.9605064623849,76.8734500076092,0.34800398349762,29.779899597168,153.86297607,74.027,66.0647889111941
3155,Malaysia,MYS,2005 [YR2005],22.7198463420882,78.6366489118856,0.566449165344238,27.1163005828857,162.17677307,74.37,67.0159820173565
3156,Malaysia,MYS,2006 [YR2006],22.1459745460658,80.4075757114594,0.288379698991776,27.6703605651856,200.54800415,74.697,67.9191992840997
3157,Malaysia,MYS,2007 [YR2007],21.1584955616188,82.1743691979912,0.193307161331177,29.375789642334,230.5599823,74.961,68.7649673902807
3158,Malaysia,MYS,2008 [YR2008],19.9427014967672,83.9143478922538,0.108542367815971,32.9037017822266,263.67819214,75.151,69.5438130147565
3159,Malaysia,MYS,2009 [YR2009],18.6838844595312,85.6027332217319,-0.0416609197854996,35.0602111816406,245.64353943,75.269,70.2462628363839
3160,Malaysia,MYS,2010 [YR2010],17.5673365579308,87.2189194947497,0.143352136015892,36.6774305573553,285.64263916,75.376,70.8625314831025
3161,Malaysia,MYS,2011 [YR2011],16.5543727413676,88.7598204230711,0.0774097666144371,35.5661790570975,343.45877075,75.488,71.4245166681964
3162,Malaysia,MYS,2012 [YR2012],17.9101382186238,90.2840693958302,-0.0052124024368822,36.825516807355,371.76046753,75.552,71.9680127926087
3163,Malaysia,MYS,2013 [YR2013],18.7954198873143,91.8407091766854,0.0517915934324265,38.0700970900265,381.69210815,75.464,72.4882717118078
3164,Malaysia,MYS,2014 [YR2014],17.1052502297433,93.4291188555775,0.266619145870209,38.3919142029325,414.4392395,75.345,72.9802206910773
3165,Malaysia,MYS,2015 [YR2015],16.9297330913892,95.0625414700959,0.25394731760025,44.289909239243,368.77331543,75.288,73.4387869957006
3166,Malaysia,MYS,2016 [YR2016],16.3864419259472,96.7575254907929,0.129485934972763,45.4034659569972,350.71160889,75.371,73.8588978909614
3167,Malaysia,MYS,2017 [YR2017],14.9450075810201,98.4801217470705,0.111209630966187,42.293211695146,366.36639404,75.542,74.2354806421432
3168,Malaysia,MYS,2018 [YR2018],16.6541753286852,100.170345457312,0.248113676905632,43.3100279300797,409.84710693,75.734,74.5634625145296
3169,Malaysia,MYS,2019 [YR2019],17.8197510834605,101.782364936844,0.14648012816906,40.8082966813944,419.32568359,75.9,74.8377707734042
3174,Maldives,MDV,2003 [YR2003],16.3251633783939,988.303333333333,1.03226470947266,0.21356999874115,240.54026794,73.263,31.3913356462169
3178,Maldives,MDV,2007 [YR2007],15.3180015217339,1081.59666666667,0.0831864848732948,10.3270502090454,478.24349976,75.711,35.4340781469745
3179,Maldives,MDV,2008 [YR2008],14.8140192009535,1120.56666666667,-0.164438739418983,11.3926296234131,775.14593506,75.999,35.9335121678807
3185,Maldives,MDV,2014 [YR2014],11.7258427261492,1378.72333333333,0.679096162319183,13.6843761236965,707.39245605,78.187,38.1938859868107
3188,Maldives,MDV,2017 [YR2017],11.3333706146388,1527.62333333333,0.224531978368759,33.3294981245829,961.57415771,79.228,39.32787719143
3190,Maldives,MDV,2019 [YR2019],12.3139819141366,1625.77,0.0276582892984152,24.6480059688561,880.79962158,79.707,40.0492764783282
3192,Mali,MLI,2000 [YR2000],65.0230304328187,9.47335251067457,0.240109741687775,1.77691996097565,14.00467396,50.605,18.977631037325
3194,Mali,MLI,2002 [YR2002],64.3025189380275,10.0706037584311,0.410831212997437,1.88522005081177,15.8949194,51.995,19.6792980362731
3200,Mali,MLI,2008 [YR2008],66.0478983611385,12.2446356714938,0.209998890757561,4.79010009765625,33.2138176,55.187,22.1922849560871
3201,Mali,MLI,2009 [YR2009],67.2243304991712,12.6501110482794,-0.07557762414217,5.29625988006592,34.64718246,55.588,22.6557955217884
3202,Mali,MLI,2010 [YR2010],67.7178277488734,13.0677992771618,-0.182899221777916,5.50589495885227,31.36423492,55.993,23.1359461824894
3203,Mali,MLI,2011 [YR2011],62.4509373481651,13.497118481548,-0.708379745483398,4.96896888641169,31.67959213,56.367,23.6379674039304
3204,Mali,MLI,2012 [YR2012],69.8937111183001,13.8970430834542,-2.03432869911194,6.41861745428738,27.53107071,56.696,24.1606168848588
3205,Mali,MLI,2013 [YR2013],51.3368303515499,14.3089313959301,-1.72216212749481,5.94123501789155,30.09257126,57.052,24.7033626854883
3206,Mali,MLI,2014 [YR2014],56.4785819386307,14.7684106573566,-1.71398878097534,5.53504882678079,35.7261734,57.482,25.2656728660325
3207,Mali,MLI,2015 [YR2015],74.1479908356132,15.2378088658324,-1.6827712059021,5.12750941173932,28.97842216,57.852,25.847015486705
3213,Malta,MLT,2000 [YR2000],17.5416711633875,1219.021875,1.58620870113373,21.9095897674561,647.10150146,78.3487804878049,93.278338811526
3215,Malta,MLT,2002 [YR2002],17.1607690400214,1237.403125,1.59826338291168,24.2556896209717,830.64630127,78.7390243902439,93.4431095912187
3216,Malta,MLT,2003 [YR2003],16.9496741589384,1245.56875,1.547776222229,30.0867691040039,1074.09313965,78.5463414634146,93.5241031580205
3217,Malta,MLT,2004 [YR2004],16.7881718920403,1253.9625,1.31764233112335,26.6235694885254,1223.85742188,79.2536585365854,93.6081858790552
3218,Malta,MLT,2005 [YR2005],16.7237786096657,1261.98125,1.38035714626312,32.2053604125977,1379.68640137,79.3,93.6985189936163
3219,Malta,MLT,2006 [YR2006],16.7590769231956,1266.5875,1.23125755786896,31.2252807617188,1474.48449707,79.4390243902439,93.7986874969541
3220,Malta,MLT,2007 [YR2007],16.8432498246899,1271.0125,1.26963186264038,34.6690711975098,1596.12316895,79.7926829268293,93.9118231189546
3221,Malta,MLT,2008 [YR2008],16.9437142555058,1279.309375,1.27317667007446,33.3216094970703,1751.16503906,79.6365853658537,94.0294765354989
3222,Malta,MLT,2009 [YR2009],17.0278871570001,1288.990625,1.24936008453369,35.7878684997559,1677.36230469,80.2414634146342,94.1423744490362
3223,Malta,MLT,2010 [YR2010],17.06318547053,1295.3375,1.25345623493195,36.8344192504883,1733.66882324,81.3975609756098,94.2412435620154
3224,Malta,MLT,2011 [YR2011],16.1027075945735,1300.8375,1.06393671035767,39.4486618041992,1960.06115723,80.7463414634146,94.3155916422812
3225,Malta,MLT,2012 [YR2012],14.106355803411,1312.5875,1.06507515907288,42.5473289489746,1898.60144043,80.7463414634146,94.3626256493653
3226,Malta,MLT,2013 [YR2013],13.3766872999129,1327.53125,1.04275786876678,44.0389518737793,2121.08227539,81.7463414634146,94.3906567856206
3227,Malta,MLT,2014 [YR2014],13.4804864315632,1354.628125,1.12549698352814,44.4906997680664,2456.43481445,82.0463414634146,94.412512773898
3228,Malta,MLT,2015 [YR2015],13.6814730924333,1388.1875,1.05367743968964,46.9468193054199,2243.46704102,81.8975609756097,94.4387696268011
3229,Malta,MLT,2016 [YR2016],12.5325633579629,1420.328125,1.06645977497101,48.1260795593262,2321.15332031,82.4536585365854,94.4800033569336
3230,Malta,MLT,2017 [YR2017],12.9026022733936,1459.70625,1.23830890655518,52.8446311950684,2551.71606445,82.3463414634146,94.5691806330314
3231,Malta,MLT,2018 [YR2018],13.1132959646537,1512.196875,1.27164912223816,56.8111114501953,2753.51098633,82.2487804878049,94.7242373261706
3232,Malta,MLT,2019 [YR2019],12.5909175285117,1574.725,1.01364505290985,58.5368690490723,2943.63208008,82.6585365853659,94.9332032524644
3246,Marshall Islands,MHL,2012 [YR2012],10.7837985370275,285.661111111111,1.02640020847321,29.3663061298514,410.4979248,64.776,74.2705132518924
3249,Marshall Islands,MHL,2015 [YR2015],10.2729137216564,271.111111111111,1.00298595428467,34.320988058408,557.35211182,65.292,75.4702568207363
3250,Marshall Islands,MHL,2016 [YR2016],10.3445553141009,265.05,0.83496367931366,36.6609291483242,619.35668945,65.477,75.8524215301796
3253,Marshall Islands,MHL,2019 [YR2019],10.8031103210849,244.483333333333,1.17230677604675,37.3626371015986,793.66851807,66.047,76.9422712042154
3257,Mauritania,MRT,2002 [YR2002],80.6329327897663,2.65708256524692,0.382046699523926,3.0836501121521,25.96999741,62.249,38.3900378438208
3258,Mauritania,MRT,2003 [YR2003],76.8650180022067,2.71858542737945,0.059730738401413,3.29281997680664,29.51877594,62.805,38.8866922319919
3259,Mauritania,MRT,2004 [YR2004],73.685586553145,2.78321917143689,-0.16634014248848,3.34153008460998,31.47280884,63.369,39.5685575664461
3260,Mauritania,MRT,2005 [YR2005],72.3031640710423,2.85151741534879,-0.224495947360992,3.07908010482788,34.00539017,63.92,40.407151934074
3261,Mauritania,MRT,2006 [YR2006],72.3062769506067,2.92389638110022,0.240350216627121,3.48698997497559,35.14922333,64.493,41.3739934217664
3262,Mauritania,MRT,2007 [YR2007],72.4345808297417,3.00093043562627,-0.279368013143539,3.95002007484436,40.41820145,64.885,42.4406001164139
3263,Mauritania,MRT,2008 [YR2008],72.6232952017021,3.08845347821869,-0.643881678581238,4.07179021835327,49.2858696,65.233,43.5784901049073
3264,Mauritania,MRT,2009 [YR2009],72.8076395597426,3.18661880275541,-0.882854044437408,4.12409019470215,44.64679718,65.485,44.7591814741371
3265,Mauritania,MRT,2010 [YR2010],72.922833397118,3.28996313185214,-1.07616984844208,4.66769636853479,43.759655,65.661,45.9541923109942
3266,Mauritania,MRT,2011 [YR2011],72.9883129496202,3.39847773357912,-1.17367887496948,5.06647175812938,47.77469254,65.754,47.1350407023691
3267,Mauritania,MRT,2012 [YR2012],83.0360920761507,3.511238963811,-1.13399171829224,5.49335070425997,49.2515831,65.808,48.2732447351525
3268,Mauritania,MRT,2013 [YR2013],64.5065697786296,3.62308916270496,-1.01476144790649,5.79601450584933,55.47412872,65.89,49.3553973225913
3270,Mauritania,MRT,2015 [YR2015],83.0276343912381,3.84783060056272,-0.635684847831726,5.88425001273035,57.1233139,66.498,51.6680350049622
3271,Mauritania,MRT,2016 [YR2016],76.5480652857383,3.96493354031241,-0.748691558837891,5.56245834327609,49.90084076,66.823,52.9185627319946
3272,Mauritania,MRT,2017 [YR2017],79.9744180761698,4.08518482584651,-0.629497766494751,5.15614020144375,55.22446442,67.088,54.1970448502004
3273,Mauritania,MRT,2018 [YR2018],75.8344786877967,4.20848452508004,-0.632382810115814,5.13275480775448,49.68307495,67.419,55.1305077000081
3274,Mauritania,MRT,2019 [YR2019],72.1994109024446,4.33463471427185,-0.562921166419983,5.88823986461851,54.63365555,67.64,56.0596215779146
3278,Mauritius,MUS,2002 [YR2002],10.0484613474665,593.409359605911,1.11665415763855,15.1241102218628,132.38633728,71.9658536585366,41.6986829938864
3279,Mauritius,MUS,2003 [YR2003],10.6053806231737,597.71921182266,1.00941443443298,15.7577295303345,157.68417358,72.1170731707317,41.5127065251754
3280,Mauritius,MUS,2004 [YR2004],11.0630250613817,601.479310344828,0.974532723426819,17.2851009368896,184.74328613,72.2658536585366,41.3265540022042
3281,Mauritius,MUS,2005 [YR2005],11.2529952901128,605.051231527094,1.02774882316589,21.0529594421387,192.13858032,72.4321951219512,41.1419874152917
3282,Mauritius,MUS,2006 [YR2006],11.077573370866,607.879802955665,0.780889987945557,23.6054592132568,203.24180603,72.4321951219512,40.9607687547567
3283,Mauritius,MUS,2007 [YR2007],10.6524254237964,610.655172413793,0.879288077354431,24.5238494873047,229.2313385,72.5707317073171,40.7846600109183
3284,Mauritius,MUS,2008 [YR2008],10.1292281649105,612.867487684729,0.890551447868347,27.0272006988525,312.88540649,72.5707317073171,40.6154231740954
3285,Mauritius,MUS,2009 [YR2009],9.65965831021468,614.497044334975,0.707766652107239,31.3993797302246,301.67260742,72.8824390243903,40.4548202346069
3286,Mauritius,MUS,2010 [YR2010],9.39539257571533,615.960591133005,0.6402587890625,33.0799908955061,357.17382813,72.9673170731707,40.3046131827718
3287,Mauritius,MUS,2011 [YR2011],9.3272356948409,627.142714071107,0.946499407291412,34.2265053809565,385.76248169,73.2668292682927,40.1665923228716
3288,Mauritius,MUS,2012 [YR2012],9.10271819827775,628.884326489735,0.971312403678894,40.3749497386409,387.1026001,73.8634146341464,40.0369511615085
3289,Mauritius,MUS,2013 [YR2013],9.57883414266686,630.409113670506,0.94480174779892,41.4023953525386,440.00280762,74.0170731707317,39.9108848558771
3290,Mauritius,MUS,2014 [YR2014],9.44659217541541,631.551326990486,0.667965948581696,40.0382004235695,544.44122314,74.1943902439024,39.7887571971735
3291,Mauritius,MUS,2015 [YR2015],9.13027374403697,632.388082123185,0.988632321357727,37.760738643162,515.72247314,74.3531707317073,39.6709610617726
3292,Mauritius,MUS,2016 [YR2016],8.98829540881102,632.822734101152,0.999218165874481,38.4107692617261,540.39239502,74.3948780487805,39.5578893260494
3293,Mauritius,MUS,2017 [YR2017],8.99594985085889,633.393590385578,0.962365567684174,39.6618786560902,594.86120605,74.5146341463415,39.4499348663789
3294,Mauritius,MUS,2018 [YR2018],9.64568180967703,633.739108662994,0.859585344791412,40.4078098261963,640.62182617,74.4163414634146,39.3474905591359
3295,Mauritius,MUS,2019 [YR2019],9.27666690706869,633.943415122684,0.802008211612701,42.9878710798151,639.18286133,74.2358536585366,39.2509492806955
3297,Mexico,MEX,2000 [YR2000],30.8563115445805,50.734613544587,-0.200209870934486,20.5259704589844,319.34719849,72.562,74.9203113970256
3299,Mexico,MEX,2002 [YR2002],28.3754133915972,52.2382900794774,-0.0583082623779774,22.3153591156006,385.61471558,73.106,75.6840752828994
3300,Mexico,MEX,2003 [YR2003],26.5162170155356,52.9738496360503,-0.11687808483839,23.0477905273438,411.83197021,73.308,76.046170340551
3301,Mexico,MEX,2004 [YR2004],24.7337157175082,53.7020658967566,-0.214082449674606,23.7031497955322,446.13604736,73.432,76.3274397419019
3302,Mexico,MEX,2005 [YR2005],23.3948044558255,54.4311859872939,-0.445820868015289,24.130989074707,483.97970581,73.627,76.4748624380269
3303,Mexico,MEX,2006 [YR2006],22.3696630456356,55.1730579490213,-0.636888444423676,24.5689697265625,514.29864502,73.746,76.4982455683657
3304,Mexico,MEX,2007 [YR2007],21.363754834612,55.9553280691376,-0.729851603507996,25.1474304199219,558.06530762,73.796,76.5047326234761
3305,Mexico,MEX,2008 [YR2008],20.4969000798536,56.7783574680419,-0.804012358188629,25.7789402008057,573.11114502,73.695,76.5090428271033
3306,Mexico,MEX,2009 [YR2009],19.8889190384594,57.6145070603668,-0.686627805233002,26.2105903625488,492.59887695,73.628,76.5143930040295
3307,Mexico,MEX,2010 [YR2010],19.6596319675283,58.4500090022892,-0.726463437080383,27.1670207977295,534.08520508,73.718,76.5244441414713
3308,Mexico,MEX,2011 [YR2011],22.4736336205905,59.2831626327838,-0.667768597602844,28.0361595153809,565.31738281,73.921,76.5667802279537
3309,Mexico,MEX,2012 [YR2012],20.1560213023659,60.0932163893104,-0.662454187870026,29.3496494293213,582.48297119,74.128,76.6585199140734
3310,Mexico,MEX,2013 [YR2013],20.8739317391487,60.8778893490059,-0.714223802089691,30.3301601409912,625.59765625,74.289,76.7955768077952
3311,Mexico,MEX,2014 [YR2014],19.667850241261,61.6190030607783,-0.853918790817261,31.2052898406982,609.82232666,74.404,76.9741367091766
3312,Mexico,MEX,2015 [YR2015],19.4864853369113,62.2815946912215,-0.801780104637146,31.9718608856201,553.91259766,74.431,77.1903854182753
3313,Mexico,MEX,2016 [YR2016],18.8449182383899,62.8881149206513,-0.633718132972717,38.589771270752,489.92230225,74.376,77.4405087351486
3314,Mexico,MEX,2017 [YR2017],18.3002285485373,63.4790282671879,-0.806419789791107,40.3390693664551,512.54974365,74.261,77.7206924598541
3315,Mexico,MEX,2018 [YR2018],16.652186272493,64.0827752771419,-0.673847019672394,41.6382789611816,528.26306152,74.301,78.0271223924494
3316,Mexico,MEX,2019 [YR2019],14.7051077997851,64.6945559299365,-0.841869175434113,43.0441398620605,549.72601318,74.53,78.355984332992
3433,Moldova,MDA,2010 [YR2010],20.4084787372334,99.7787848154216,-0.381340742111206,38.1453631147397,198.28894043,69.876,39.2804946899414
3434,Moldova,MDA,2011 [YR2011],20.7106966050714,99.7210931780946,-0.0492937490344048,39.4480430115419,214.98246765,70.173,39.3469161987305
3435,Moldova,MDA,2012 [YR2012],20.3835846673482,99.6732759521901,0.0464904792606831,40.1086414991241,223.61895752,70.344,39.3614196777344
3436,Moldova,MDA,2013 [YR2013],19.979486487115,99.5771842462653,0.00080857204739,41.2771708905345,231.66229248,70.291,39.4275512695312
3437,Moldova,MDA,2014 [YR2014],18.7371163449526,99.5164884911377,-0.158987760543823,52.151516238366,230.76982117,70.241,39.6298484802246
3438,Moldova,MDA,2015 [YR2015],18.1478989162811,98.7560678343838,-0.326045989990234,52.1000519119307,186.43643188,70.118,39.6954040527344
3439,Moldova,MDA,2016 [YR2016],17.0561198558818,97.614165825121,-0.305498778820038,52.8435823784374,171.18476868,70.179,39.7373237609863
3440,Moldova,MDA,2017 [YR2017],15.1423919470871,95.9093883802694,-0.31498920917511,51.9490291393525,243.94540405,70.375,39.9736557006836
3441,Moldova,MDA,2018 [YR2018],17.080793755092,94.2543946689506,-0.402167946100235,52.8423092059456,276.47143555,70.236,40.3258094787598
3442,Moldova,MDA,2019 [YR2019],15.7728170076841,92.756093569939,-0.387288391590118,54.7812048030675,284.30029297,70.181,40.772289276123
3460,Monaco,MCO,2016 [YR2016],10.4725197097017,18389.7385298471,1.31531059741974,53.5667991638184,7149.51806641,85.63,100.0
3465,Mongolia,MNG,2000 [YR2000],21.3981446125931,1.54338839734181,0.821868121623993,29.2760200500488,28.13583946,63.2104878048781,56.7305447074496
3467,Mongolia,MNG,2002 [YR2002],21.2157465725794,1.58263236912359,1.17097854614258,34.7981109619141,30.67812347,63.540243902439,58.1310120482033
3468,Mongolia,MNG,2003 [YR2003],21.0276549890181,1.59541792198924,0.963294148445129,36.878849029541,27.18718147,63.5753658536585,59.3546986563236
3469,Mongolia,MNG,2004 [YR2004],20.893688863837,1.6137036582467,0.775293171405792,39.5999908447266,33.7024498,64.630243902439,60.7829994587671
3470,Mongolia,MNG,2005 [YR2005],20.9028885725986,1.63171323734666,0.878712356090546,43.4830207824707,38.04277039,65.2807317073171,62.3122627023789
3471,Mongolia,MNG,2006 [YR2006],21.2574073192077,1.64830525022335,0.646906971931458,46.8148307800293,49.52784348,65.9021951219512,63.8388366340039
3472,Mongolia,MNG,2007 [YR2007],22.1144147325228,1.6705735718479,0.668377757072449,46.9772300720215,66.17643738,66.5934146341464,65.2590695004873
3473,Mongolia,MNG,2008 [YR2008],23.4954758255364,1.69711733640935,0.539784848690033,49.1745986938477,97.26833344,67.2460975609756,66.4693095486742
3474,Mongolia,MNG,2009 [YR2009],25.4221556112408,1.72788137676538,0.609987437725067,53.1806716918945,76.7000351,67.9690243902439,67.3659050254095
3475,Mongolia,MNG,2010 [YR2010],27.9160191026285,1.75857916493112,0.597042262554169,56.0776786804199,99.50933838,68.5056097560976,67.8298018313254
3476,Mongolia,MNG,2011 [YR2011],35.8767855032703,1.78925253897917,0.606538891792297,56.7482133834947,135.98664856,69.109268292683,67.9196058798676
3477,Mongolia,MNG,2012 [YR2012],38.2318589751567,1.82353600871754,0.471134811639786,61.3067016601562,169.6519928,69.500243902439,67.9522782537785
3478,Mongolia,MNG,2013 [YR2013],36.1190861922145,1.8616184405066,0.491320788860321,64.8171691894531,180.41543579,70.0980487804878,67.9776750055915
3479,Mongolia,MNG,2014 [YR2014],32.6310214465256,1.90278211075515,0.791901171207428,66.6792297363281,176.69651794,70.5831707317073,67.9941357229626
3480,Mongolia,MNG,2015 [YR2015],33.6018162552522,1.94371713207737,0.711831986904144,70.3587265014648,165.19296265,70.810243902439,67.9999999906095
3481,Mongolia,MNG,2016 [YR2016],34.394850770545,1.98352563105577,0.787600100040436,65.2477111816406,168.41404724,70.2239024390244,67.9776754820979
3482,Mongolia,MNG,2017 [YR2017],31.4066965937798,2.02209412791248,0.783372223377228,64.4055709838867,160.4889679,70.5434146341463,67.9260583223672
3483,Mongolia,MNG,2018 [YR2018],30.340789040395,2.06015649331677,0.83126026391983,65.1030502319336,188.64115906,70.8270731707317,67.8683444833372
3484,Mongolia,MNG,2019 [YR2019],31.0839271991388,2.09835043390369,0.636750936508179,67.970817565918,197.57131958,71.0531707317073,67.8277299551557
3497,Montenegro,MNE,2011 [YR2011],26.8096357329836,46.1223048327138,0.565341532230377,59.0115089416504,571.65600586,76.0829268292683,64.4210914835811
3498,Montenegro,MNE,2012 [YR2012],25.152725645633,46.2020817843866,0.596563041210175,60.3092498779297,535.16223145,76.3,64.5244008658951
3499,Montenegro,MNE,2013 [YR2013],23.0328197648844,46.2889962825279,0.504595458507538,60.4347686767578,597.17596436,76.490243902439,64.6252987959653
3500,Montenegro,MNE,2014 [YR2014],22.8933751545525,46.3750185873606,0.219455271959305,63.2196388244629,581.40106201,76.3390243902439,64.7232143772459
3501,Montenegro,MNE,2015 [YR2015],22.5226135295586,46.4424535315985,0.136638209223747,63.9372711181641,582.18743896,76.6024390243903,64.8181652937171
3502,Montenegro,MNE,2016 [YR2016],20.7818361159159,46.4946468401487,0.268716216087341,59.1839218139648,604.88665771,76.5414634146342,64.9101692293409
3503,Montenegro,MNE,2017 [YR2017],21.1885834911776,46.5414126394052,-0.0625774934887886,60.9102210998535,623.68841553,76.6853658536585,64.9992438680584
3504,Montenegro,MNE,2018 [YR2018],22.0010575045609,46.5753159851301,0.0376955643296242,58.1831512451172,745.7520752,77.8853658536585,65.0854068937869
3505,Montenegro,MNE,2019 [YR2019],18.3231957596321,46.5987360594796,0.05806864798069,56.2633209228516,754.77441406,76.6829268292683,65.1686759904159
3507,Morocco,MAR,2000 [YR2000],26.2794045322845,63.6868362088281,-0.065564900636673,10.1461200714111,54.63968277,66.794,53.58724711125
3509,Morocco,MAR,2002 [YR2002],26.3732332307781,65.4226798117858,-0.261418521404266,10.6168403625488,63.57953644,67.582,54.222745830177
3510,Morocco,MAR,2003 [YR2003],26.3997347331309,66.2590522070356,-0.407007366418839,11.0415000915527,77.74629211,67.958,54.5782811140771
3511,Morocco,MAR,2004 [YR2004],26.4269692920543,67.1140891776832,-0.312668710947037,11.1358003616333,91.17259979,68.272,54.9787569660869
3512,Morocco,MAR,2005 [YR2005],26.4656931234232,68.0218328478602,-0.556680738925934,11.69873046875,97.19748688,68.748,55.4397798676399
3513,Morocco,MAR,2006 [YR2006],26.5559544015872,68.9472955411158,-0.461343467235565,12.1653699874878,110.22368622,69.157,55.9627589629824
3514,Morocco,MAR,2007 [YR2007],26.7015710730568,69.8778131301815,-0.501324236392975,11.6039199829102,131.86448669,69.62,56.5303841299064
3515,Morocco,MAR,2008 [YR2008],26.858954011948,70.8195541115841,-0.57127320766449,12.6373701095581,153.23677063,70.051,57.1254169272616
3516,Morocco,MAR,2009 [YR2009],26.984514092377,71.7696123683621,-0.398299634456635,13.0986795425415,165.50694275,70.454,57.7306189138977
3517,Morocco,MAR,2010 [YR2010],27.0346621884598,72.7470669952946,-0.383013308048248,13.9896441158412,168.36595154,70.821,58.3287516486646
3518,Morocco,MAR,2011 [YR2011],25.1025965770715,73.745435805512,-0.392256796360016,15.8539977340994,179.00019836,71.263,58.902576690412
3519,Morocco,MAR,2012 [YR2012],23.517027783633,74.7372641720816,-0.470458775758743,19.0472282489073,172.04353333,71.674,59.4348555979895
3520,Morocco,MAR,2013 [YR2013],22.6262616570608,75.7059623571589,-0.493017613887787,22.4068908691406,179.81974792,72.117,59.9083499302469
3521,Morocco,MAR,2014 [YR2014],22.5756463722019,76.6407797445664,-0.446265608072281,25.3112415031422,188.6415863,72.522,60.3030486171654
3522,Morocco,MAR,2015 [YR2015],25.6535487891636,77.5433295989245,-0.344394981861115,28.5519130573154,162.85198975,72.894,60.6417124737154
3523,Morocco,MAR,2016 [YR2016],24.7545943744621,78.4751445216222,-0.317617774009705,32.0952579243239,162.21507263,73.228,60.9657656537179
3524,Morocco,MAR,2017 [YR2017],28.0161565066814,79.4227918440511,-0.37808883190155,33.4735433090703,166.8500061,73.608,61.2761057031842
3525,Morocco,MAR,2018 [YR2018],23.1856283839847,80.3041900067219,-0.3484927713871,35.319186358341,175.70518494,73.946,61.5695822753314
3526,Morocco,MAR,2019 [YR2019],20.9299059936918,81.1357786242438,-0.345805376768112,37.7212021382481,177.84625244,74.245,61.8430450233765
3528,Mozambique,MOZ,2000 [YR2000],20.2554422733172,23.0545703095196,-0.125803381204605,0.613489985466003,7.00877714,49.476,29.2423697311441
3530,Mozambique,MOZ,2002 [YR2002],20.0136498073847,24.1083674559373,0.188492238521576,0.682079970836639,10.00207806,50.879,29.5686323334348
3531,Mozambique,MOZ,2003 [YR2003],19.8102890904689,24.6604377018744,0.246098503470421,0.928529977798462,11.03660774,51.383,29.7146340268639
3532,Mozambique,MOZ,2004 [YR2004],19.6398437905371,25.2299308222488,0.0032564660068601,1.15550994873047,14.12452602,51.855,29.8592114813982
3533,Mozambique,MOZ,2005 [YR2005],19.5682327123022,25.8203018896717,0.125595733523369,1.43202996253967,18.40718079,52.322,30.0098613217248
3534,Mozambique,MOZ,2006 [YR2006],19.6733490140973,26.4338958264452,0.520101010799408,2.12770009040833,18.05057144,52.748,30.1740801725307
3535,Mozambique,MOZ,2007 [YR2007],19.9403587930867,27.070417609807,0.35761559009552,3.03946995735169,19.29700851,53.255,30.3598131347122
3536,Mozambique,MOZ,2008 [YR2008],20.2960902622309,27.746173605636,0.383096486330032,3.51939988136292,24.48562622,53.799,30.5625357695184
3537,Mozambique,MOZ,2009 [YR2009],20.6673716344898,28.4744589129937,0.625379621982574,3.82146000862122,27.68954468,54.4,30.7715592059159
3538,Mozambique,MOZ,2010 [YR2010],20.9810311228238,29.2469734733844,0.394421875476837,4.6029332896014,26.26061249,55.04,30.9861779822921
3539,Mozambique,MOZ,2011 [YR2011],21.3180610647849,30.0732966250413,0.332048267126083,4.903703492415,30.42516136,55.733,31.2062230032794
3540,Mozambique,MOZ,2012 [YR2012],21.4882091792626,30.9492179353493,0.39049369096756,5.19951373358179,35.24672699,56.46,31.4315251735105
3541,Mozambique,MOZ,2013 [YR2013],21.704486846149,31.8568770823266,-0.226966470479965,5.59344755668074,41.5031395,57.189,31.6619153976179
3542,Mozambique,MOZ,2014 [YR2014],21.6145857091373,32.7939100689234,-0.336002737283707,6.25049132527997,43.50259018,57.965,31.8972245802342
3543,Mozambique,MOZ,2015 [YR2015],21.5758950473476,33.7592156463796,-0.516435563564301,6.73181717702859,40.35658646,58.711,32.1372836259918
3544,Mozambique,MOZ,2016 [YR2016],21.069117727762,34.7632251583204,-1.09681463241577,7.34197304077013,31.85357285,59.455,32.3819234395234
3545,Mozambique,MOZ,2017 [YR2017],18.7547986602318,35.8177891095908,-0.918098509311676,7.24573099191356,36.75825882,60.148,32.6274411492675
3546,Mozambique,MOZ,2018 [YR2018],18.8259193532117,36.9015539561026,-0.833229660987854,7.4630510423433,41.29206467,60.79,32.9902559073541
3556,Myanmar,MMR,2007 [YR2007],39.5962241482972,73.6397401762762,-1.06611335277557,11.0508098602295,9.91384029,62.367,28.7079107938945
3560,Myanmar,MMR,2011 [YR2011],29.4854398392347,75.6475990754489,-1.11109840869904,14.3246002197266,27.40522575,63.859,29.2724765136213
3561,Myanmar,MMR,2012 [YR2012],33.179223857355,76.3032167189773,-0.943674981594086,13.7377004623413,37.25568008,64.251,29.3956289363345
3567,Myanmar,MMR,2018 [YR2018],31.5559916967562,80.0861758847863,-1.26697564125061,20.3723297119141,60.83261871,66.232,29.993574050729
3572,Namibia,NAM,2002 [YR2002],20.2505892694706,2.29563094413876,0.14875116944313,6.05016994476318,173.55830383,51.988,33.6459301456028
3573,Namibia,NAM,2003 [YR2003],20.0930633490459,2.32902622405228,0.478074342012405,6.39102983474731,257.13796997,51.918,34.5460063719633
3575,Namibia,NAM,2005 [YR2005],19.9066376196234,2.38868685396397,0.625976085662842,7.1070499420166,374.68215942,52.557,36.5870014553064
3576,Namibia,NAM,2006 [YR2006],19.9984652893034,2.4194245041237,0.782249569892883,6.75277996063232,409.22375488,53.183,37.6722151614564
3578,Namibia,NAM,2008 [YR2008],20.6567204685379,2.48643369893962,1.20101487636566,9.49368953704834,411.6569519,54.74,39.8328120256318
3582,Namibia,NAM,2012 [YR2012],22.5559756572042,2.66571196054853,0.978104293346405,16.9048603106683,550.6829834,57.733,43.3804079185694
3583,Namibia,NAM,2013 [YR2013],21.57098939708,2.73598367525416,0.958809971809387,17.4603999838663,484.64331055,58.468,44.1106769079132
3584,Namibia,NAM,2014 [YR2014],21.055359356351,2.80841380315563,0.608740627765656,18.4653069281067,452.2585144,59.311,44.8214248210559
3585,Namibia,NAM,2015 [YR2015],22.11922822913,2.88391696728978,0.725260257720947,19.6551504993361,476.50942993,60.008,45.5103554445325
3586,Namibia,NAM,2016 [YR2016],21.0604148441707,2.96276281747622,0.699528992176056,21.4367036193,409.78106689,60.81,46.1751725648784
3587,Namibia,NAM,2017 [YR2017],19.7391225085732,3.04492098774429,0.621906340122223,22.4801755471009,448.58221436,61.661,46.8135799686288
3588,Namibia,NAM,2018 [YR2018],19.9748546561693,3.13052144444849,0.685118496417999,23.7001690404035,439.87658691,62.579,47.4232814423189
3589,Namibia,NAM,2019 [YR2019],19.3878496864904,3.21939292351419,0.528890490531921,25.8966511201824,397.42849731,63.546,48.0019807724839
3612,Nepal,NPL,2000 [YR2000],57.9103771850316,171.234802929892,-1.16382563114166,4.12185001373291,8.34249592,62.642,31.0994241803849
3614,Nepal,NPL,2002 [YR2002],58.7692779115223,176.693275200558,-1.71746289730072,4.98775005340576,10.46419716,63.507,35.0358944291182
3615,Nepal,NPL,2003 [YR2003],59.2354499589495,179.203055458668,-1.89185237884521,4.91134977340698,11.06888008,64.229,38.045308394296
3616,Nepal,NPL,2004 [YR2004],59.5512460377322,181.490449947681,-2.14913845062256,5.69477987289429,12.92468262,64.744,41.6109470808194
3617,Nepal,NPL,2005 [YR2005],59.585523329296,183.533017091036,-2.09840488433838,7.15422010421753,14.14693356,65.275,45.5065633424317
3618,Nepal,NPL,2006 [YR2006],58.323855130818,185.318625741193,-1.89445018768311,7.62671995162964,13.68047714,65.891,49.5059100328759
3619,Nepal,NPL,2007 [YR2007],55.5324687996932,186.874726194629,-1.88537847995758,9.50374031066895,17.13900185,66.169,53.3827400058951
3620,Nepal,NPL,2008 [YR2008],52.2512026076732,188.28069061737,-1.83428740501404,10.4749002456665,18.86374855,66.442,56.9108061152324
3621,Nepal,NPL,2009 [YR2009],49.5198948265099,189.557272410185,-1.62008118629456,10.4467401504517,20.86620903,66.6,59.8638612146309
3622,Nepal,NPL,2010 [YR2010],48.378383727955,190.73562608999,-1.58397114276886,13.3236488235053,29.62231827,66.772,62.0156581578338
3623,Nepal,NPL,2011 [YR2011],57.7405744835303,191.59047087548,-1.41644358634949,13.2867385971183,34.14775085,67.123,63.139949798584
3625,Nepal,NPL,2013 [YR2013],71.4182305954874,192.465964422742,-1.12914609909058,15.4719563352624,35.14327621,67.598,64.1314570156048
3626,Nepal,NPL,2014 [YR2014],75.117974167847,193.040599930241,-0.724599540233612,13.2380540463977,41.9739151,67.812,64.5640847098488
3627,Nepal,NPL,2015 [YR2015],70.9361955250807,194.095772584583,-0.997430026531219,12.282886814704,46.49585342,67.374,64.9510094249155
3628,Nepal,NPL,2016 [YR2016],72.4074854195922,195.015430763865,-0.846989989280701,11.0932748536215,47.1232872,68.444,65.2895168835553
3629,Nepal,NPL,2017 [YR2017],64.6442716077629,195.404659923265,-0.583756744861603,11.4357824790838,49.63053513,68.74,65.5768928085184
3630,Nepal,NPL,2018 [YR2018],64.2108322791754,195.882029996512,-0.543022751808167,12.613695863565,51.16128922,69.036,65.8104229225551
3631,Nepal,NPL,2019 [YR2019],57.2750179345088,198.214607603767,-0.453659653663635,13.8072821953912,53.61107254,69.299,65.9873929484157
3633,Netherlands,NLD,2000 [YR2000],19.1568334196667,471.727280805687,1.75868117809296,51.4455718994141,2028.18139648,77.9878048780488,78.4826828427081
3635,Netherlands,NLD,2002 [YR2002],18.4175601180365,478.345053317536,1.30267989635468,54.2512283325195,2544.81347656,78.2926829268293,80.8085275226169
3636,Netherlands,NLD,2003 [YR2003],18.0181068887099,480.607286729858,1.16180562973022,54.9959297180176,3244.35644531,78.4926829268293,81.3011308878582
3637,Netherlands,NLD,2004 [YR2004],17.646542498158,482.280183649289,1.01623916625977,56.7709884643555,3689.46435547,79.0951219512195,82.250953139759
3638,Netherlands,NLD,2005 [YR2005],17.3386918647178,483.408412322275,0.98810088634491,58.7895011901855,3823.48095703,79.3463414634146,83.5048949725161
3639,Netherlands,NLD,2006 [YR2006],17.0873539526835,484.185456161137,0.902736186981201,59.8265113830566,4080.21972656,79.6975609756098,84.6532280358545
3640,Netherlands,NLD,2007 [YR2007],16.8600537860816,485.23981042654,0.778468787670135,60.3940391540527,4696.14160156,80.0975609756098,85.4089231499726
3641,Netherlands,NLD,2008 [YR2008],16.6547053728472,487.132494075829,0.86355197429657,61.0170593261719,5382.44580078,80.2512195121951,85.6149582464487
3642,Netherlands,NLD,2009 [YR2009],16.4692227209156,490.079691669137,0.945019245147705,61.4280090332031,5282.74316406,80.5487804878049,86.2223179632671
3643,Netherlands,NLD,2010 [YR2010],16.3015198382221,492.599881411207,0.940750122070312,63.7049789428711,5191.69384766,80.7024390243902,87.3502790247129
3644,Netherlands,NLD,2011 [YR2011],16.1617295903622,495.049644128114,1.11363077163696,75.518798828125,5562.12109375,81.2048780487805,88.0059204972573
3645,Netherlands,NLD,2012 [YR2012],14.3672482834675,496.884994068802,1.18746471405029,75.8141632080078,5284.64990234,81.1048780487805,88.5342462391333
3648,Netherlands,NLD,2015 [YR2015],13.1341450114978,503.116216216216,0.912540197372437,80.1601486206055,4676.56201172,81.509756097561,90.2787737214621
3649,Netherlands,NLD,2016 [YR2016],11.9585215795702,505.800831600832,0.896933197975159,79.8454895019531,4644.02099609,81.5609756097561,90.5803239452777
3650,Netherlands,NLD,2017 [YR2017],12.7176558041706,508.8,0.907123684883118,83.2009887695312,4934.57519531,81.7609756097561,91.1219700676602
3651,Netherlands,NLD,2018 [YR2018],12.0708917579666,511.779744579745,0.838281273841858,83.652473449707,5330.66015625,81.8121951219512,92.6062472401044
3688,New Zealand,NZL,2013 [YR2013],6.77775160923795,16.8702290076336,1.45392656326294,80.388542175293,4012.08374023,81.4048780487805,85.7080129786455
3689,New Zealand,NZL,2014 [YR2014],6.59603176441408,17.1527856898713,1.46792757511139,80.7100067138672,4184.59765625,81.4568292682927,85.5076659530411
3690,New Zealand,NZL,2015 [YR2015],6.57020164227168,17.5056017621815,1.51113760471344,82.1818466186523,3582.66357422,81.6124390243903,85.1518763760531
3691,New Zealand,NZL,2016 [YR2016],6.63410190310228,17.9032319319433,1.50114333629608,81.8633575439453,3702.37109375,81.6585365853659,84.691365594
3692,New Zealand,NZL,2017 [YR2017],6.82907618571061,18.2811135163875,1.56194603443146,81.2698593139648,3849.74169922,81.8585365853659,84.1701025874108
3693,New Zealand,NZL,2018 [YR2018],7.21258721355312,18.6115225399719,1.51216292381287,81.2513122558594,3907.59912109,81.7073170731707,83.8017846685577
3694,New Zealand,NZL,2019 [YR2019],7.42296671535298,18.8762295393263,1.41695356369019,77.5843734741211,4059.05639648,82.0560975609756,83.804965871667
3698,Nicaragua,NIC,2002 [YR2002],25.1714026036055,42.7946568057171,-0.0931836739182472,17.9654998779297,58.15333939,67.95,55.4894961947237
3720,Niger,NER,2003 [YR2003],88.1359016394849,10.1026162469409,0.0421948879957199,0.827859997749329,12.63532829,51.545,16.2687225341797
3721,Niger,NER,2004 [YR2004],88.4534710516555,10.4727528222942,-0.505270838737488,0.796029984951019,14.1569891,52.402,16.2687225341797
3722,Niger,NER,2005 [YR2005],88.5806885809342,10.8598657930054,-0.486010700464249,0.951579988002777,18.03248978,53.32,16.2687225341797
3723,Niger,NER,2006 [YR2006],88.5265837152172,11.2643727796637,-0.227475315332413,0.960169970989227,19.30820656,54.223,16.2675724894628
3724,Niger,NER,2007 [YR2007],88.3730477585325,11.6867529801847,-0.459753155708313,0.905510008335114,20.80476379,55.063,16.2641887037781
3725,Niger,NER,2008 [YR2008],88.1868966414272,12.1275084866188,-0.670321345329285,1.03770005702972,24.75069427,55.852,16.2586706998252
3726,Niger,NER,2009 [YR2009],88.0349462944483,12.5867806110366,-1.15003776550293,1.25635004043579,24.51097679,56.487,16.2511180003032
3727,Niger,NER,2010 [YR2010],87.9840126481428,13.0645259335281,-1.16074454784393,1.30152108043912,23.7641449,57.08,16.2416301279116
3728,Niger,NER,2011 [YR2011],90.9681910382043,13.5598665824584,-0.878004491329193,1.34816649944538,24.84123039,57.6,16.2303066053496
3729,Niger,NER,2012 [YR2012],88.5686252870793,14.0812891766006,-1.14813089370728,1.54284142561837,22.71487427,57.987,16.2141284004355
3732,Niger,NER,2015 [YR2015],107.144665250434,15.741294702771,-1.05970323085785,3.24257822413642,25.96905327,58.85,16.3035606587493
3733,Niger,NER,2016 [YR2016],104.911460730569,16.3304278834768,-1.10075747966766,3.45043638449437,22.68474007,59.228,16.3898280543236
3734,Niger,NER,2017 [YR2017],88.7878831964248,16.9222752032841,-1.25950562953949,3.66741981878978,29.09627533,59.524,16.5036987906896
3735,Niger,NER,2018 [YR2018],86.0227651747159,17.5164356201153,-1.35827600955963,4.33801956751366,30.61364555,59.765,16.6449011799221
3736,Niger,NER,2019 [YR2019],72.4703210969872,18.1161735217494,-1.40500640869141,4.15170730347346,31.89424324,60.031,16.813146499685
3741,Nigeria,NGA,2003 [YR2003],60.2336147764619,150.64466769876,-1.63558828830719,9.28291988372803,37.91439438,48.618,45.8372080921761
3742,Nigeria,NGA,2004 [YR2004],56.8972230572213,154.876692249415,-1.75441575050354,9.52007961273193,42.81798172,49.148,46.6994804889599
3743,Nigeria,NGA,2005 [YR2005],54.6191447204634,159.224889928302,-1.6665004491806,10.0968999862671,52.24337006,49.538,47.5656414756863
3748,Nigeria,NGA,2010 [YR2010],49.5384605715282,182.969230431393,-2.21112322807312,9.21187548100134,73.008255,51.315,51.6778188255446
3749,Nigeria,NGA,2011 [YR2011],55.0630390979346,188.170007795602,-1.95645451545715,9.74153350922586,80.2377243,51.49,52.490352424079
3780,North Macedonia,MKD,2000 [YR2000],38.4097368734453,79.6834447502949,-0.614017069339752,22.4084796905518,162.68013,72.9463414634147,58.4918382392587
3782,North Macedonia,MKD,2002 [YR2002],38.3051379529426,79.4399134880063,-1.0382194519043,26.8072891235352,172.87971497,73.0390243902439,57.8726144171205
3783,North Macedonia,MKD,2003 [YR2003],38.2684224047552,79.5408965788439,-0.988194704055786,27.8220596313477,214.29603577,73.2414634146342,57.8501791693323
3784,North Macedonia,MKD,2004 [YR2004],38.2192385918736,79.283759339363,-0.851008296012878,28.2504692077637,230.68000793,73.5975609756098,57.8527941292946
3785,North Macedonia,MKD,2005 [YR2005],38.1404433597452,78.8568619740464,-1.15597522258759,29.7906494140625,229.81243896,73.6975609756098,57.8614206464767
3786,North Macedonia,MKD,2006 [YR2006],37.6787626551004,78.4226110892646,-0.736575305461884,29.2525997161865,242.60142517,73.8951219512195,57.8796574341199
3787,North Macedonia,MKD,2007 [YR2007],36.7214569855729,78.5942528735632,-0.426525264978409,35.2432899475098,263.25378418,73.8,57.9111032054655
3788,North Macedonia,MKD,2008 [YR2008],35.6121850379648,78.1408244153785,-0.29572057723999,39.6388511657715,313.61117554,74.4,57.9593566737547
3789,North Macedonia,MKD,2009 [YR2009],34.6946054990783,77.6678033306899,-0.298555880784988,39.837718963623,297.88058472,74.4463414634146,58.0280165522288
3790,North Macedonia,MKD,2010 [YR2010],34.3123770557157,77.1727993655829,-0.518517076969147,38.147590637207,308.09429932,74.9975609756098,58.1206815541291
3792,North Macedonia,MKD,2012 [YR2012],35.8424435184763,76.5194686756542,-0.492649525403976,39.7961082458496,317.978302,74.9024390243903,58.3924217811729
3793,North Macedonia,MKD,2013 [YR2013],32.7169102539109,76.2377478191911,-0.416076391935349,38.9499015808105,361.13168335,75.4,58.578694432799
3794,North Macedonia,MKD,2014 [YR2014],33.7775349314159,76.0331879460745,0.256382942199707,39.3214912414551,357.63867188,75.4512195121951,58.8033670608162
3795,North Macedonia,MKD,2015 [YR2015],31.8724776060607,75.8298969072165,-0.292592734098434,42.0811805725098,322.25213623,75.4024390243902,59.0700383784659
3797,North Macedonia,MKD,2017 [YR2017],30.4645094005313,75.2837827121332,-0.258880764245987,43.5097694396973,375.3303833,75.9536585365854,59.7437719356273
3798,North Macedonia,MKD,2018 [YR2018],31.0045303573284,74.9028945281523,-0.211905926465988,43.8547897338867,426.57290649,76.6487804878049,60.1580316016216
3799,North Macedonia,MKD,2019 [YR2019],25.8786881284068,74.3957969865186,0.0081416917964816,43.1991004943848,469.47344971,76.6024390243903,60.6286848102132
3822,Norway,NOR,2000 [YR2000],10.4740973033701,12.2957995203207,1.533282995224,69.8772201538086,2948.93164063,78.6341463414634,76.1338922449534
3824,Norway,NOR,2002 [YR2002],9.77123127954717,12.4250062971603,1.60834610462189,72.3173294067383,3889.95947266,78.9878048780488,76.7955442460288
3825,Norway,NOR,2003 [YR2003],9.30851275504977,12.4980971624448,1.20455622673035,77.970588684082,4632.56835938,79.390243902439,77.2600021362305
3826,Norway,NOR,2004 [YR2004],8.88434817216868,12.5721709323083,1.19661831855774,78.612548828125,5097.34423828,79.8414634146342,77.5684593888498
3827,Norway,NOR,2005 [YR2005],8.58329574340912,12.6580888392417,1.29527723789215,78.4450302124023,5584.68896484,80.0414634146342,77.8260148882032
3828,Norway,NOR,2006 [YR2006],8.3718056211126,12.760447810231,1.25270569324493,77.9310684204102,5892.98730469,80.3439024390244,78.0877227783203
3829,Norway,NOR,2007 [YR2007],8.17307019719305,12.89317004523,1.14555251598358,77.0373611450195,6895.56005859,80.3951219512195,78.4072502632828
3830,Norway,NOR,2008 [YR2008],8.00676104351433,13.0548674310872,1.28543448448181,73.5914688110352,7768.05029297,80.5926829268293,78.7541006020666
3831,Norway,NOR,2009 [YR2009],7.89254973194028,13.2205484552792,1.27653253078461,73.0674514770508,7301.95996094,80.7951219512195,79.0570820210427
3832,Norway,NOR,2010 [YR2010],7.85010783433474,13.3862623342204,1.33231151103973,72.1170806884766,7859.51611328,80.9975609756098,79.245002746582
3833,Norway,NOR,2011 [YR2011],8.65989791417676,13.5610386481366,1.33797693252563,71.0614166259766,8900.37207031,81.2951219512195,79.311620451463
3834,Norway,NOR,2012 [YR2012],7.30698815670179,13.7403297521657,1.32746982574463,71.7047576904297,8970.11914063,81.4512195121951,79.4905925441617
3835,Norway,NOR,2013 [YR2013],7.02749190738719,13.9120886837683,1.3520919084549,75.8635787963867,9241.265625,81.7512195121951,79.9723980455359
3836,Norway,NOR,2014 [YR2014],7.09267324687363,14.0704449094514,1.11995851993561,78.2397384643555,9116.37792969,82.1,80.6117159535579
3837,Norway,NOR,2015 [YR2015],6.75214227846257,14.2079384825517,1.14562010765076,79.206428527832,7566.56152344,82.3048780487805,81.2378240971353
3838,Norway,NOR,2016 [YR2016],6.23059189808068,14.3354243797401,1.18162095546722,82.0374526977539,7492.07666016,82.4073170731707,81.6800003051758
3839,Norway,NOR,2017 [YR2017],6.52155808218128,14.452576255125,1.15070176124573,83.7353363037109,7815.78710938,82.609756097561,81.9699745912375
3840,Norway,NOR,2018 [YR2018],6.69607752509394,14.5488896436123,1.12084853649139,85.3883514404297,8271.859375,82.7585365853659,82.2452112401723
3841,Norway,NOR,2019 [YR2019],6.38122446338577,14.6479975020132,1.14211213588715,85.7633819580078,8007.35546875,82.9585365853659,82.4935894878281
3867,Oman,OMN,2003 [YR2003],46.9562614200604,7.63746688206785,1.06150567531586,14.3313598632812,290.38589478,74.521,71.4926171971641
3868,Oman,OMN,2004 [YR2004],46.9484762907932,7.77001938610662,1.11596786975861,15.1500101089478,306.42941284,74.82,71.5428923484265
3869,Oman,OMN,2005 [YR2005],46.9186765115943,7.94766397415186,0.946494877338409,17.117769241333,326.909729,75.07,71.8577803438712
3870,Oman,OMN,2006 [YR2006],46.4375473768157,8.12534733441034,0.841323614120483,19.2329597473144,341.97601318,75.354,72.3920261203777
3871,Oman,OMN,2007 [YR2007],45.3496773973946,8.30427786752827,0.939814209938049,20.4086494445801,397.21173096,75.596,73.0679250158092
3872,Oman,OMN,2008 [YR2008],44.0650405651187,8.48636187399031,0.92218691110611,20.4462108612061,466.60375977,76.124,73.807772368029
3873,Oman,OMN,2009 [YR2009],42.9936108717757,8.67418093699515,0.826832592487335,21.9678993225098,510.08691406,76.631,74.5338635149003
3874,Oman,OMN,2010 [YR2010],42.5453623091529,8.90935702746365,0.590241730213165,27.8526854365953,583.57073975,77.184,75.1579724666274
3875,Oman,OMN,2011 [YR2011],49.2481622561594,9.94107592891761,0.432440459728241,31.5563508791784,563.23632813,77.74,75.6585803514688
3877,Oman,OMN,2013 [YR2013],47.6490783670685,12.3874410339257,0.459530204534531,35.149615885003,587.71075439,78.633,76.4914234214313
3878,Oman,OMN,2014 [YR2014],41.256352667596,12.9319515347334,0.734907329082489,41.1818561581842,726.64660645,79.03,76.8892576748951
3879,Oman,OMN,2015 [YR2015],47.9189950499705,13.5214701130856,0.7780522108078,45.1898945959512,767.04455566,79.346,77.3025363037955
3880,Oman,OMN,2016 [YR2016],45.4803385490064,14.1870016155089,0.749765634536743,46.8235059845958,714.48864746,79.581,77.7521362304688
3881,Oman,OMN,2017 [YR2017],48.7046852088573,14.6604071082391,0.749312877655029,43.5767818520195,704.6295166,79.748,78.3142260040136
3882,Oman,OMN,2018 [YR2018],49.6250528984572,14.8558222940226,0.642200529575348,44.9540216505645,639.78082275,79.864,78.9655839720276
3883,Oman,OMN,2019 [YR2019],44.8977643665473,14.8343812600969,0.589256703853607,45.1723183863131,730.08325195,79.946,79.5780017545962
3930,Pakistan,PAK,2003 [YR2003],59.3699841751069,216.778549190536,-1.54904592037201,2.37435007095337,14.34851551,62.834,33.5669209665019
3931,Pakistan,PAK,2004 [YR2004],59.2674942695927,222.195413034454,-1.58287799358368,2.97886991500854,15.53542328,63.097,33.7441369568158
3932,Pakistan,PAK,2005 [YR2005],58.9859809533101,227.601198630137,-1.75138831138611,4.32808017730713,19.58962631,62.416,33.9190062789495
3933,Pakistan,PAK,2006 [YR2006],57.4454012873738,233.087756849315,-2.02467846870422,4.39564990997315,24.43647003,63.624,34.0931793866356
3934,Pakistan,PAK,2007 [YR2007],54.3352703751572,239.328080894562,-2.43270516395569,4.95792007446289,26.14198685,63.807,34.2683067336065
3935,Pakistan,PAK,2008 [YR2008],50.7539150601749,245.821804950187,-2.5730094909668,4.87824010848999,24.34272766,64.002,34.4460387735948
3936,Pakistan,PAK,2009 [YR2009],47.7996621859414,252.148886986301,-2.644526720047,5.97273015975952,23.14643288,64.206,34.6280259603331
3937,Pakistan,PAK,2010 [YR2010],46.5708385959715,258.456630085098,-2.67593312263489,7.03303843576596,23.62846184,64.378,34.8159187475539
3938,Pakistan,PAK,2011 [YR2011],55.754979166674,264.303218399751,-2.81003546714783,7.31739557390399,25.02491379,64.659,35.0113675889897
3939,Pakistan,PAK,2012 [YR2012],66.8719540673752,269.389691002491,-2.67700362205505,8.33303617018241,25.59742928,64.883,35.2160229383731
3940,Pakistan,PAK,2013 [YR2013],68.5813248667094,273.809124636779,-2.60330200195312,8.71835995772812,28.20998955,65.129,35.4315352494366
3941,Pakistan,PAK,2014 [YR2014],71.7121701033462,277.948120330012,-2.40127921104431,8.74569228544475,32.11787415,65.374,35.6595549759128
3942,Pakistan,PAK,2015 [YR2015],68.0068767608943,281.873810450394,-2.47188353538513,8.43556648904153,33.99359894,65.641,35.9017325715342
3943,Pakistan,PAK,2016 [YR2016],68.5228297189002,285.568271326276,-2.47387385368347,8.31973903550878,36.46934128,65.943,36.1597184900333
3944,Pakistan,PAK,2017 [YR2017],61.7967274713574,289.635179275633,-2.39691209793091,8.62228080260493,42.07228851,66.223,36.4351548223399
3945,Pakistan,PAK,2018 [YR2018],62.3894976390133,294.376416562889,-2.25401329994202,8.20683057963381,40.09578323,66.481,36.7478511550359
3946,Pakistan,PAK,2019 [YR2019],52.8571976958305,299.399256693649,-2.25174307823181,11.103638528678,36.01374817,66.729,37.1091631735769
3961,Palau,PLW,2013 [YR2013],6.83322852151998,38.3652173913043,1.054114818573,67.3166926677067,1399.29931641,68.981,81.0756895339142
3969,Panama,PAN,2000 [YR2000],19.0802656518594,40.4946058649448,0.251223832368851,42.537109375,300.66052246,73.443,62.2165370013582
3971,Panama,PAN,2002 [YR2002],18.7165070963527,42.0950228679042,0.345927983522415,40.7841186523438,308.58657837,74.195,63.0330904426342
3972,Panama,PAN,2003 [YR2003],18.3823010749667,42.9083535108959,0.073229543864727,44.2729110717773,303.45755005,74.567,63.4079949945516
3973,Panama,PAN,2004 [YR2004],18.0038452585985,43.7335889157923,0.0841383635997772,43.0450782775879,344.4079895,74.845,63.7553758418416
3974,Panama,PAN,2005 [YR2005],17.6241156728278,44.5658595641646,-0.157522633671761,41.6649894714355,323.0513916,75.16,64.0721934428526
3975,Panama,PAN,2006 [YR2006],17.130398873231,45.3998385794996,-0.0679050013422966,42.6925010681152,370.62973022,75.429,64.355408255933
3976,Panama,PAN,2007 [YR2007],16.4824078207149,46.2401129943503,-0.0613481253385544,42.9214782714844,472.08703613,75.675,64.6019807394311
3977,Panama,PAN,2008 [YR2008],15.8317581488557,47.0896959913909,-0.0977801457047462,43.0992698669434,506.78494263,75.937,64.8088713516952
3978,Panama,PAN,2009 [YR2009],15.3300654912291,47.9470137207425,0.0622795186936855,43.0278511047363,550.80755615,76.228,64.9730405510737
3979,Panama,PAN,2010 [YR2010],15.1289454814112,48.8099946193167,-0.116048209369183,43.9639480204278,607.42242432,76.417,65.0926097647906
3980,Panama,PAN,2011 [YR2011],15.8945138063768,49.6839521119182,-0.028218861669302,41.8858795918623,664.97564697,76.659,65.1896678664818
3981,Panama,PAN,2012 [YR2012],14.6776716917331,50.5684153887544,-0.179432675242424,43.6626516529234,725.01544189,76.877,65.2829468288151
3983,Panama,PAN,2014 [YR2014],14.8554074199235,52.5108067997841,0.209008201956749,44.6253501937764,919.2946167,77.365,65.4531164770096
3984,Panama,PAN,2015 [YR2015],14.7706187901647,53.4273475445224,0.377415180206299,47.5819435584313,982.06530762,77.583,65.5287232947981
3985,Panama,PAN,2016 [YR2016],13.8724498973293,54.3589584457636,0.40072774887085,48.3799959758914,1056.68481445,77.772,65.5971555296656
4011,Paraguay,PRY,2000 [YR2000],13.555186049266,12.8388321167883,-0.970572590827942,17.2918395996094,104.49077606,70.026,57.5141169408231
4013,Paraguay,PRY,2002 [YR2002],13.2274142700835,13.242708280896,-1.21135127544403,28.3164596557617,65.0742569,70.539,58.3089732866691
4014,Paraguay,PRY,2003 [YR2003],12.966481503164,13.4065844450038,-0.749351561069489,26.9151496887207,70.85758209,70.795,58.5521334403429
4015,Paraguay,PRY,2004 [YR2004],12.7286583189791,13.5619808708784,-0.566143751144409,27.1320304870606,88.10053253,71.054,58.7421370296254
4016,Paraguay,PRY,2005 [YR2005],12.5798003432443,13.7128039265039,-0.652078151702881,27.7761993408203,95.1805954,71.317,58.894079141979
4018,Paraguay,PRY,2007 [YR2007],12.4250915061089,13.9929171910395,-0.74012291431427,31.087760925293,161.25285339,71.817,59.1328545601355
4019,Paraguay,PRY,2008 [YR2008],12.3711832339251,14.1293078278379,-0.727450251579285,36.8851890563965,220.90351868,72.047,59.2442256780564
4020,Paraguay,PRY,2009 [YR2009],12.3469879747333,14.2744424867858,-0.883586049079895,39.7724685668945,217.7858429,72.282,59.3666109432844
4021,Paraguay,PRY,2010 [YR2010],12.3630674150856,14.4424137931034,-0.834862232208252,37.6179261040957,258.43127441,72.551,59.5122792618786
4032,Peru,PER,2000 [YR2000],70.0428740963807,20.77994609375,-0.987529456615448,33.4137687683105,83.63842773,69.821,72.7724831207703
4034,Peru,PER,2002 [YR2002],69.2123801848445,21.31891953125,-0.969909846782684,30.2558097839356,97.6605072,70.815,73.5500651944675
4035,Peru,PER,2003 [YR2003],68.9624660132158,21.5472578125,-1.16210162639618,30.319580078125,97.352211,71.278,73.9558750733136
4036,Peru,PER,2004 [YR2004],68.549467559912,21.7595234375,-1.0273996591568,32.1658897399902,105.16587067,71.447,74.3769516383133
4037,Peru,PER,2005 [YR2005],67.7684052216068,21.954046875,-0.975715458393097,32.4608917236328,123.25354004,71.988,74.8162354830832
4038,Peru,PER,2006 [YR2006],64.2203697884907,22.12850859375,-0.841553807258606,33.9184188842773,136.14295959,72.337,75.2766672012397
4048,Peru,PER,2016 [YR2016],33.739432290958,24.1144484375,-0.207934841513634,73.2223205566406,311.33517456,75.951,81.4192362241943
4049,Peru,PER,2017 [YR2017],32.7083066880238,24.47237265625,-0.2635098695755,71.2404708862305,332.54321289,75.958,82.1931650502403
4055,Philippines,PHL,2002 [YR2002],31.05570387518,278.59573062347,-0.858753323554993,28.3481502532959,26.76997948,67.886,39.9553922931877
4056,Philippines,PHL,2003 [YR2003],30.7743493607566,284.172904718785,-1.55980968475342,27.230110168457,31.60413551,68.049,40.3928506135438
4057,Philippines,PHL,2004 [YR2004],30.4134910319648,289.749149813865,-1.70588445663452,26.5457592010498,33.50411606,68.301,40.8507057988121
4058,Philippines,PHL,2005 [YR2005],29.9383643758918,295.187181809035,-1.17878663539886,25.823429107666,45.67607498,68.423,41.3297701258519
4059,Philippines,PHL,2006 [YR2006],29.1782265763242,300.194472951672,-1.63867163658142,26.2468109130859,53.87452698,68.172,41.8308558715226
4061,Philippines,PHL,2008 [YR2008],26.5791929727268,310.893433276319,-1.77923631668091,27.1289901733398,75.69056702,68.643,43.1547492407016
4062,Philippines,PHL,2009 [YR2009],24.8862804012556,316.545091726196,-1.7287632226944,26.6055793762207,77.64539337,68.631,44.3356772609527
4063,Philippines,PHL,2010 [YR2010],23.0284261383751,323.094627226079,-1.65075957775116,27.7549235195177,89.35166931,68.883,45.5208176726647
4064,Philippines,PHL,2011 [YR2011],20.2762007200701,329.505362712547,-1.39218163490295,29.0709151463153,95.95716095,69.096,46.6833632464759
4065,Philippines,PHL,2012 [YR2012],21.8351961883251,335.96777677164,-1.18824028968811,29.6298942276846,109.2149353,69.237,47.9182784810426
4066,Philippines,PHL,2013 [YR2013],22.7402636854564,342.342744072174,-1.08425319194794,31.8704183328366,118.87432098,69.283,49.1313688766206
4067,Philippines,PHL,2014 [YR2014],20.3368824432152,348.013314552101,-0.713820934295654,33.8741923214799,106.16293335,69.311,50.2392400212368
4068,Philippines,PHL,2015 [YR2015],19.7079275985218,353.197813327967,-0.854724228382111,35.8745887819664,113.4342804,69.45,51.1549047745227
4069,Philippines,PHL,2016 [YR2016],19.9069716374648,357.969342992253,-1.37869036197662,38.3447414525513,118.05981445,69.49,51.9114748151175
4070,Philippines,PHL,2017 [YR2017],18.3327018141416,362.61090317604,-1.18929100036621,33.6841018682349,120.32259369,69.966,52.6010482354344
4071,Philippines,PHL,2018 [YR2018],20.5885077839401,367.123744843546,-1.09620380401611,28.1166228592308,125.27716827,69.761,53.2088897464754
4072,Philippines,PHL,2019 [YR2019],21.5254371973976,371.615799711574,-0.9280606508255,30.0548680110365,141.6925354,69.68,53.7157859948017
4074,Poland,POL,2000 [YR2000],25.7907754089004,124.909820758105,0.309305250644684,50.4036293029785,238.00448608,73.7487804878049,61.7459160613903
4076,Poland,POL,2002 [YR2002],26.5398574522192,124.81753893369,0.743997812271118,59.5361404418945,315.83145142,74.4975609756098,61.7581534555696
4077,Poland,POL,2003 [YR2003],27.1048298406849,124.753689916405,0.578085064888,60.6214714050293,339.33520508,74.5975609756098,61.7281374379602
4078,Poland,POL,2004 [YR2004],27.5690511834146,124.644083178272,0.153857663273811,61.7436981201172,392.00338745,74.8463414634146,61.6555172559989
4079,Poland,POL,2005 [YR2005],27.7617425127035,124.589315444129,0.363082945346832,63.7791404724121,465.70019531,74.9951219512195,61.5497010774856
4080,Poland,POL,2006 [YR2006],27.7200391553045,124.514452206843,0.354031831026077,65.0900726318359,524.09747314,75.1439024390244,61.4199688499096
4081,Poland,POL,2007 [YR2007],27.6048215747412,124.44685296422,0.682846009731293,66.9424667358398,660.92468262,75.2439024390244,61.2756005207604
4082,Poland,POL,2008 [YR2008],27.4309285084638,124.471952334313,0.911096274852753,70.2946319580078,892.59698486,75.5439024390244,61.1258760375274
4083,Poland,POL,2009 [YR2009],27.2131986939225,124.564460624265,0.938135385513306,72.6793594360352,759.60577393,75.6951219512195,60.9800753477
4084,Poland,POL,2010 [YR2010],26.9664708685675,124.209200731357,1.01733005046844,76.5571212768555,809.19940186,76.2463414634146,60.8474783987677
4085,Poland,POL,2011 [YR2011],26.5458489052773,124.296296901022,1.07206296920776,75.8021011352539,866.09466553,76.6951219512195,60.7357090652544
4086,Poland,POL,2012 [YR2012],24.1304928281428,124.300058781268,1.04947865009308,75.0382919311523,815.1418457,76.7463414634146,60.6341632788866
4087,Poland,POL,2013 [YR2013],23.1892115212622,124.229110740995,0.973354995250702,73.317268371582,878.08837891,77.0,60.5333187465323
4088,Poland,POL,2014 [YR2014],23.433827803997,124.144273163722,0.842940807342529,70.2389678955078,911.29815674,77.6024390243903,60.4340063344328
4089,Poland,POL,2015 [YR2015],22.4139830731908,124.061569613639,0.862319052219391,69.3731994628906,803.95965576,77.4512195121951,60.3362886805635
4090,Poland,POL,2016 [YR2016],21.2485092459447,124.008253045495,0.496157646179199,69.8503799438477,816.08618164,77.8512195121951,60.2402284228997
4091,Poland,POL,2017 [YR2017],22.2631718698092,124.0237303635,0.509756147861481,70.6174621582031,909.57818604,77.7536585365854,60.145888199417
4092,Poland,POL,2018 [YR2018],22.4094051941271,124.031583760656,0.480488687753677,71.0217437744141,978.73565674,77.6024390243903,60.0533306480907
4093,Poland,POL,2019 [YR2019],18.7701954101512,124.025595374212,0.550716519355774,70.9065017700195,1014.03820801,77.9048780487805,59.9626184068963
4110,Portugal,PRT,2015 [YR2015],9.64253451834766,113.072519583956,0.904212951660156,61.7960205078125,1790.53405762,81.1243902439025,61.137469211538
4111,Portugal,PRT,2016 [YR2016],8.83773210008347,112.716384151187,0.958625793457031,63.2387504577637,1875.2421875,81.1243902439025,61.1343011242723
4112,Portugal,PRT,2017 [YR2017],9.2551980440464,112.441815784188,1.10616970062256,64.2040176391602,1998.06469727,81.4243902439025,61.1296726507436
4113,Portugal,PRT,2018 [YR2018],9.02601451562929,112.261935951514,1.11530721187592,65.1127395629883,2216.30664063,81.3243902439024,61.1233069673808
4114,Portugal,PRT,2019 [YR2019],7.98256121876526,112.288582794065,1.05175185203552,66.0920562744141,2221.73120117,81.6756097560976,61.114927250613
4181,Qatar,QAT,2002 [YR2002],92.3707032121313,61.2579672695952,0.831208944320679,17.2873592376709,668.85986328,75.766,96.6424497593905
4182,Qatar,QAT,2003 [YR2003],94.7440660994636,64.1414298018949,1.18648135662079,15.7512302398682,1115.45336914,76.097,96.8311182064009
4183,Qatar,QAT,2004 [YR2004],96.6020961417903,66.6091300602929,1.12390494346619,16.8915996551514,1261.61999512,76.484,97.0472579559041
4184,Qatar,QAT,2005 [YR2005],97.3529583710287,71.0945736434109,1.0276792049408,14.7242298126221,1386.015625,76.909,97.3016654918171
4185,Qatar,QAT,2006 [YR2006],95.8058004809302,83.7925064599483,0.926921546459198,12.8355398178101,1378.9296875,77.323,97.5827378795062
4186,Qatar,QAT,2007 [YR2007],92.1164239737723,104.099483204134,0.952527701854706,11.8196697235107,1301.49682617,77.741,97.8663125111735
4187,Qatar,QAT,2008 [YR2008],87.7129745942613,122.905943152455,1.11487662792206,11.3421602249146,1292.60046387,78.262,98.1295193937322
4188,Qatar,QAT,2009 [YR2009],84.0235980871034,138.579069767442,1.22328507900238,10.1654901504517,1325.43005371,78.837,98.3494885340955
4189,Qatar,QAT,2010 [YR2010],82.4764401970049,139.262015503876,1.15385591983795,9.64273278083432,1309.79272461,79.444,98.5066232166665
4190,Qatar,QAT,2011 [YR2011],87.9624107804434,139.94496124031,1.17473101615906,12.6008552690979,1482.28308105,79.994,98.6300610210909
4191,Qatar,QAT,2012 [YR2012],95.6228667032868,148.358139534884,1.22359883785248,12.2866942772156,1712.67089844,80.499,98.7428010471968
4192,Qatar,QAT,2013 [YR2013],88.6466197970471,165.066838931955,1.21254646778107,14.8707295209095,2029.8659668,80.974,98.8357621827901
4193,Qatar,QAT,2014 [YR2014],75.1764824465315,187.271105308964,0.977457761764526,17.3063613126932,2252.4140625,81.395,98.901627838826
4194,Qatar,QAT,2015 [YR2015],97.7000280042596,204.051958224543,0.983597457408905,15.9339905308662,2422.64453125,81.785,98.9382407681154
4195,Qatar,QAT,2016 [YR2016],83.6854921169063,215.588598781549,0.884123742580414,14.8163562584538,2072.06103516,82.147,98.9855265345423
4196,Qatar,QAT,2017 [YR2017],83.268990615565,221.568320278503,0.647983014583588,16.7774362605473,1911.95361328,82.458,99.0310125265978
4197,Qatar,QAT,2018 [YR2018],93.3069571843647,224.606962576153,0.649448752403259,17.4458250857575,1966.55712891,82.714,99.0755684762244
4198,Qatar,QAT,2019 [YR2019],81.0088337801126,229.648128807659,0.684370100498199,21.0931416049405,2007.51525879,82.945,99.1191696672067
4200,Romania,ROU,2000 [YR2000],20.4022118211382,97.701323407775,-0.379039525985718,23.2870101928711,69.89345551,71.1634146341463,52.8619549004535
4202,Romania,ROU,2002 [YR2002],20.8397542766711,94.5338495671466,0.464840322732925,33.7016906738281,96.57698822,71.009756097561,52.7466427937759
4203,Romania,ROU,2003 [YR2003],21.1260463408151,93.8218134377039,0.320030122995377,38.9063987731934,143.54553223,71.309756097561,52.8023493819682
4204,Romania,ROU,2004 [YR2004],21.3544292529253,93.2684695652174,0.0593486130237579,41.7997398376465,190.7950592,71.5609756097561,52.9175295523808
4205,Romania,ROU,2005 [YR2005],21.4477107307875,92.7023436820593,0.0856026485562325,45.4637298583984,254.52961731,71.9121951219512,53.074507031037
4206,Romania,ROU,2006 [YR2006],21.2993011373918,92.1547960692234,0.148430079221725,54.1389312744141,291.00408936,72.1634146341463,53.2566380678272
4207,Romania,ROU,2007 [YR2007],20.9454013377561,90.8390186610988,0.198067933320999,60.2831192016602,415.06790161,72.5658536585366,53.4472789126416
4208,Romania,ROU,2008 [YR2008],20.523004802707,89.3339495432797,0.180609092116356,73.4470672607422,521.31561279,72.5658536585366,53.6297858153706
4209,Romania,ROU,2009 [YR2009],20.1691050030713,88.5311962096844,0.359366297721863,81.5331497192383,449.37692261,73.309756097561,53.7875150259042
4210,Romania,ROU,2010 [YR2010],20.0206954096756,88.0107411432297,0.273600399494171,75.2290267944336,472.20751953,73.4585365853659,53.9038227941329
4211,Romania,ROU,2011 [YR2011],21.3631759849928,87.5332493374462,0.186090663075447,66.7865829467773,426.59973145,74.409756097561,53.9608874244169
4212,Romania,ROU,2012 [YR2012],19.4249667326641,87.201265107382,0.0823415592312813,54.9534912109375,401.67105103,74.4121951219512,53.9563092496073
4213,Romania,ROU,2013 [YR2013],17.8711054888739,86.8742903099596,0.179133072495461,51.3826103210449,495.23623657,75.0634146341463,53.9101758034365
4214,Romania,ROU,2014 [YR2014],17.9898360506608,86.5306806328234,0.0491361282765865,51.0950393676758,503.34753418,74.909756097561,53.8267187624053
4215,Romania,ROU,2015 [YR2015],17.4955175712912,86.1248956884562,0.181799337267876,49.3609886169434,442.24038696,74.9121951219512,53.7071839518893
4216,Romania,ROU,2016 [YR2016],16.5983385295736,85.6322453059805,0.266823202371597,49.911319732666,476.24505615,75.209756097561,53.5528171972639
4217,Romania,ROU,2017 [YR2017],17.0446117524786,85.1387126216968,0.0485141687095165,50.5108184814453,555.11309814,75.209756097561,53.3648643239046
4218,Romania,ROU,2018 [YR2018],17.1719925973938,84.6399947844228,0.0363187454640865,51.9943504333496,687.15411377,75.3585365853659,53.1445711571868
4219,Romania,ROU,2019 [YR2019],15.0073403663299,84.1952712100139,0.542255997657776,52.4439697265625,738.5581665,75.6073170731707,52.8931835224862
4221,Russian Federation,RUS,2000 [YR2000],20.7488898644786,8.94901570933758,-1.39924204349518,55.2136611938477,95.20859528,65.4836585365854,73.1568222045898
4223,Russian Federation,RUS,2002 [YR2002],18.6102424999805,8.87046146313948,-0.724512279033661,65.0104217529297,140.05729675,65.1287804878049,73.2929008030615
4224,Russian Federation,RUS,2003 [YR2003],17.3414730765516,8.83027865243716,-1.19315183162689,69.0352096557617,163.31135559,65.0275609756098,73.4057388305664
4225,Russian Federation,RUS,2004 [YR2004],16.3127366996014,8.79465803239439,-1.51459443569183,69.818717956543,207.61283875,65.4709756097561,73.3065795898438
4226,Russian Federation,RUS,2005 [YR2005],15.8037810245792,8.76108889416588,-1.2677013874054,72.2228012084961,270.1439209,65.529756097561,73.1613922119141
4227,Russian Federation,RUS,2006 [YR2006],15.6913079663017,8.73439418381291,-0.908794343471527,73.4398880004883,350.84014893,66.7275609756098,73.2439193725586
4228,Russian Federation,RUS,2007 [YR2007],15.6363350250339,8.71946397976766,-0.863382518291473,76.1305465698242,459.60116577,67.5868292682927,73.3856048583984
4229,Russian Federation,RUS,2008 [YR2008],15.595083234396,8.71609568861449,-0.749933898448944,77.5339736938477,606.77508545,67.9492682926829,73.4822463989258
4230,Russian Federation,RUS,2009 [YR2009],15.5237736280086,8.71872024385612,-0.969926595687866,77.8685607910156,513.91033936,68.6846341463415,73.5288696289062
4232,Russian Federation,RUS,2011 [YR2011],13.9138877120952,8.73293828429975,-0.998262107372284,80.1629736412764,681.04577637,69.6839024390244,73.8534851074219
4233,Russian Federation,RUS,2012 [YR2012],13.8991230346483,8.75493589434367,-0.817712664604187,80.5323453975492,755.48553467,70.0721951219512,73.97265625
4234,Russian Federation,RUS,2013 [YR2013],14.0574320033086,8.78102091547408,-0.736093640327454,82.8009567260742,805.52130127,70.5787804878049,74.0762949770228
4235,Russian Federation,RUS,2014 [YR2014],14.2481805159069,8.80737424184231,-0.943617463111877,84.5181387513356,736.32177734,70.7436585365854,74.1776476748791
4236,Russian Federation,RUS,2015 [YR2015],12.9392509421972,8.8320122221157,-1.03222346305847,84.2355651240256,496.9503479,71.1834146341463,74.275919065527
4237,Russian Federation,RUS,2016 [YR2016],12.4784655225055,8.85489473873823,-0.947688162326813,83.860044350614,463.29275513,71.6512195121951,74.3703138709243
4238,Russian Federation,RUS,2017 [YR2017],11.739094414375,8.87185768709161,-0.642759621143341,81.7051021681418,577.06811523,72.4514634146342,74.460036813029
4239,Russian Federation,RUS,2018 [YR2018],12.3153675046294,8.87825976514438,-0.538330912590027,81.5681115998523,606.11401367,72.6621951219512,74.5442926137992
4240,Russian Federation,RUS,2019 [YR2019],11.6778230257169,8.88162945666663,-0.551088750362396,80.9520697471091,650.47058105,73.0839024390244,74.6222859951926
4244,Rwanda,RWA,2002 [YR2002],30.8879447825411,340.501824077827,-1.6515132188797,1.87186002731323,7.32393837,51.262,16.8778847116752
4245,Rwanda,RWA,2003 [YR2003],30.4979302158135,348.069517632752,-1.11252212524414,2.34143996238708,17.25927353,53.529,16.8947432312369
4246,Rwanda,RWA,2004 [YR2004],30.1750166971027,357.391325496555,-1.18624520301819,2.73148989677429,20.23413277,55.52,16.9020099536792
4247,Rwanda,RWA,2005 [YR2005],30.0419841019859,367.025861370085,-1.00021243095398,2.85111999511719,25.02086639,56.968,16.9072114459454
4248,Rwanda,RWA,2006 [YR2006],30.0919739416177,376.945520875557,-0.684061944484711,3.64229989051819,27.15680885,58.342,16.9110139245047
4249,Rwanda,RWA,2007 [YR2007],30.2183078634908,387.107134171058,-0.360214412212372,3.88545989990234,33.50766754,59.504,16.9140836058266
4250,Rwanda,RWA,2008 [YR2008],30.3940359476901,397.416659910823,-0.327669590711594,4.18300008773804,39.94607162,60.641,16.9170867063804
4251,Rwanda,RWA,2009 [YR2009],30.5922082743006,407.800243210377,-0.506896436214447,5.0719199180603,43.99682617,61.813,16.9206894426355
4252,Rwanda,RWA,2010 [YR2010],30.785874923407,418.222659100122,-0.272093862295151,5.77316665562353,47.96915817,62.804,16.9255580310614
4253,Rwanda,RWA,2011 [YR2011],31.1412402470636,428.606931495744,-0.17711777985096,6.83723020553589,51.64990616,63.476,16.9323586881273
4254,Rwanda,RWA,2012 [YR2012],31.5360758844851,438.990717470612,-0.230615198612213,6.70938666027303,57.26454163,64.189,16.9410248882148
4255,Rwanda,RWA,2013 [YR2013],30.6283384511231,449.669233887313,-0.110951617360115,6.23149117030345,47.7545433,64.651,17.0742206053612
4256,Rwanda,RWA,2014 [YR2014],31.8689793191915,460.671139035266,-0.313469648361206,7.35861774339014,50.63998795,65.088,17.5020716539756
4257,Rwanda,RWA,2015 [YR2015],31.2574810856465,471.829023104986,0.0025183784309774,7.53124856448318,48.81341934,65.419,18.1953149858416
4258,Rwanda,RWA,2016 [YR2016],31.6862299869281,483.144831779489,-0.0665186643600464,7.57807264441764,50.77831268,65.733,19.1213951786548
4259,Rwanda,RWA,2017 [YR2017],30.3553527446531,494.611268747467,0.0782710164785385,7.34488296090452,48.27599335,66.14,20.2477568101111
4260,Rwanda,RWA,2018 [YR2018],30.1816687853678,506.201702472639,0.101752020418644,6.76094647714264,51.35319138,66.354,21.5418444579064
4261,Rwanda,RWA,2019 [YR2019],30.0071642427631,517.880137819214,0.0569922886788845,6.3142892660234,50.75216675,66.691,22.9711026997362
4263,Samoa,WSM,2000 [YR2000],13.1629560185234,64.1996466431095,1.28314232826233,7.18760013580322,60.4606514,70.791,21.9529698020724
4280,Samoa,WSM,2017 [YR2017],12.0891380416294,73.8902877697842,1.16163432598114,13.2596995097127,220.82498169,70.991,18.9657191879831
4281,Samoa,WSM,2018 [YR2018],12.8245995074982,74.6697841726619,1.13375163078308,14.1633542972529,200.42073059,71.052,18.7241267935467
4282,Samoa,WSM,2019 [YR2019],12.8726726678327,75.4604316546763,1.16337776184082,13.5792119039657,242.9050293,70.269,18.4147344481283
4292,San Marino,SMR,2008 [YR2008],10.4136554616715,527.7,1.01208281517029,65.980110168457,4378.24853516,82.894,96.3901700249324
4294,San Marino,SMR,2010 [YR2010],9.90948012588566,554.5,1.45398449897766,66.4068036853295,3813.88354492,83.464,97.074615769187
4295,San Marino,SMR,2011 [YR2011],10.69772481397,543.666666666667,1.06180381774902,64.2955801104972,4550.35058594,83.713,97.0999984741211
4296,San Marino,SMR,2012 [YR2012],10.4579356879737,557.816666666667,1.02640020847321,59.8490048043926,4310.10009766,83.943,97.0999984741211
4302,San Marino,SMR,2018 [YR2018],11.7160220114158,575.366666666667,1.39124858379364,45.421020282729,3969.36474609,85.095,97.0999984741211
4303,San Marino,SMR,2019 [YR2019],10.4938237574833,577.716666666667,1.22597134113312,50.2355712603062,3801.21044922,85.257,97.0999984741211
4314,Sao Tome and Principe,STP,2009 [YR2009],22.256053053712,185.263541666667,0.146619737148285,3.92682003974915,64.90551758,63.669,65.0832313370367
4315,Sao Tome and Principe,STP,2010 [YR2010],21.9422424710632,189.377083333333,0.115442857146263,4.22901010513306,60.94829941,63.867,66.0572200728291
4317,Sao Tome and Principe,STP,2012 [YR2012],20.531439331057,197.332291666667,0.0133354179561138,7.83568000793457,86.29039001,64.505,67.0335889448132
4319,Sao Tome and Principe,STP,2014 [YR2014],19.6630632891255,204.965625,0.18418300151825,9.24396991729736,118.70980835,65.478,67.2606735229492
4320,Sao Tome and Principe,STP,2015 [YR2015],26.1500664634377,208.636458333333,0.13627190887928,12.8210802078247,85.37828827,66.023,67.3915710449219
4326,Saudi Arabia,SAU,2000 [YR2000],54.8209025183056,7.52560694797855,0.227821603417397,28.3759498596191,493.36984253,72.607,79.9704860819453
4328,Saudi Arabia,SAU,2002 [YR2002],57.0600844288156,8.33185715149626,0.002424324164167,25.1049709320068,449.84130859,73.296,80.3438134074234
4329,Saudi Arabia,SAU,2003 [YR2003],58.024662773636,8.73929124664486,0.141017645597458,26.6230297088623,457.08770752,73.657,80.5414456330177
4330,Saudi Arabia,SAU,2004 [YR2004],58.7620259262498,9.1499146388549,-0.65463250875473,26.2631301879883,471.45797729,74.027,80.7542316538166
4331,Saudi Arabia,SAU,2005 [YR2005],59.1792687977192,9.56411854732543,-0.240614011883736,25.1983699798584,545.73571777,74.4,80.9775503092999
4332,Saudi Arabia,SAU,2006 [YR2006],59.3460738265608,9.9824365373612,-0.522423803806305,24.5137691497803,634.81872559,74.762,81.2008588083072
4333,Saudi Arabia,SAU,2007 [YR2007],59.4348208026051,10.4053668203322,-0.467305243015289,24.3000392913818,662.00793457,75.066,81.4230015549063
4334,Saudi Arabia,SAU,2008 [YR2008],59.5066506638847,10.8331326842475,-0.336524426937103,24.4659805297852,663.14331055,75.301,81.6441431042994
4335,Saudi Arabia,SAU,2009 [YR2009],59.6227043484328,11.2656494657369,-0.49253523349762,25.0353107452393,760.19476318,75.447,81.8644480116889
4336,Saudi Arabia,SAU,2010 [YR2010],59.8441227942823,11.1543929589848,-0.226726979017258,29.3244802795728,765.91680908,75.616,82.0791668544465
4337,Saudi Arabia,SAU,2011 [YR2011],61.9036201963126,11.6723187994548,-0.464799642562866,33.1453704833984,954.38873291,75.808,82.2543876159947
4338,Saudi Arabia,SAU,2012 [YR2012],65.8136535735159,12.1733184784783,-0.480688244104385,39.7956809997559,1093.15588379,76.09,82.4311918025358
4339,Saudi Arabia,SAU,2013 [YR2013],64.2495664318178,12.8502267768841,-0.431784123182297,46.1803092956543,1189.67932129,76.517,82.6071884619102
4340,Saudi Arabia,SAU,2014 [YR2014],51.0877522409227,13.1690025073383,-0.285844653844833,53.1803840195563,1363.59155273,77.116,82.7822571294871
4341,Saudi Arabia,SAU,2015 [YR2015],65.6121801282607,13.8700845238151,-0.634387195110321,57.0892771397236,1309.27148438,77.776,82.9562773406163
4342,Saudi Arabia,SAU,2016 [YR2016],57.2721294327821,14.399377584675,-0.472771108150482,63.9826623355369,1353.21813965,78.354,83.129128630626
4343,Saudi Arabia,SAU,2017 [YR2017],59.4402484783372,14.4101498355577,-0.649625718593597,70.7471342981424,1400.90356445,78.721,83.300690534822
4344,Saudi Arabia,SAU,2018 [YR2018],61.9886640504678,14.0468072140634,-0.660987615585327,73.1971736383918,1488.9753418,78.75,83.4708425884849
4345,Saudi Arabia,SAU,2019 [YR2019],58.6225928552836,13.9851787932213,-0.6240473985672,77.9664942011008,1504.55249023,78.313,83.6394643268678
4351,Senegal,SEN,2004 [YR2004],57.6841589229918,57.0077598296369,0.0295107942074537,4.75202989578247,41.94406128,60.308,41.6248193895895
4352,Senegal,SEN,2005 [YR2005],56.3117406644287,58.3569937152652,-0.204009935259819,5.26141023635864,36.00606155,60.98,41.9057599695838
4353,Senegal,SEN,2006 [YR2006],56.3287590057483,59.7314392562198,-0.264316946268082,5.46575021743774,38.28113556,61.801,42.2046413043069
4354,Senegal,SEN,2007 [YR2007],56.4318266525352,61.1351166052044,-0.244918704032898,6.1223201751709,40.60185623,62.653,42.524343609533
4355,Senegal,SEN,2008 [YR2008],56.5965036620253,62.5822417285618,-0.148591339588165,7.75537014007568,49.05390167,63.201,42.867747101036
4356,Senegal,SEN,2009 [YR2009],56.7983500914545,64.0803459201163,-0.205200999975204,7.9150800704956,50.27443314,63.751,43.23773199459
4357,Senegal,SEN,2010 [YR2010],57.0129259980585,65.6282813068093,-0.417924970388412,7.62979751289774,51.38805008,64.221,43.6371785059692
4358,Senegal,SEN,2011 [YR2011],59.1412397618774,67.3084558250662,-0.280602246522903,10.121109956384,57.93114853,64.799,44.0689668509475
4359,Senegal,SEN,2012 [YR2012],71.9845097478197,69.1346543395834,-0.108322031795979,10.2635537254668,56.61458969,65.229,44.5359772452989
4360,Senegal,SEN,2013 [YR2013],50.7740625879857,71.2140913104451,-0.0607228353619576,10.5725397458545,60.51578903,65.638,45.0398750539456
4361,Senegal,SEN,2014 [YR2014],54.8894665378893,73.5059575131148,-0.198223099112511,10.8787568632408,61.40605545,66.001,45.6020905341588
4362,Senegal,SEN,2015 [YR2015],70.740985096638,75.7976990598868,-0.120225243270397,10.8409366679467,53.32304382,66.451,46.2747669629858
4363,Senegal,SEN,2016 [YR2016],62.2452907130405,78.0892380408248,-0.22595489025116,10.8875992426245,53.90053558,66.724,47.0553579909929
4364,Senegal,SEN,2017 [YR2017],68.9961611199396,80.3770944787825,-0.0557225905358791,11.3494415127099,56.49185944,67.059,47.9338349639053
4365,Senegal,SEN,2018 [YR2018],61.8009740540162,82.6598348309354,-0.107357509434223,12.4178375059947,64.37467957,67.379,48.9001692274485
4366,Senegal,SEN,2019 [YR2019],60.3429016299635,84.9370072196541,0.0375764071941376,12.60825139125,64.33670807,67.668,49.9443321273477
4374,Serbia,SRB,2006 [YR2006],33.1184661635543,84.742385090327,-0.53756844997406,46.819580078125,371.506073,73.3853658536585,58.1709152910668
4375,Serbia,SRB,2007 [YR2007],32.6163871390382,84.3994854790761,-0.591357946395874,47.966869354248,547.22723389,73.6317073170732,58.5577111784378
4376,Serbia,SRB,2008 [YR2008],32.0171315291319,84.0409558655385,-0.542712986469269,48.6653785705566,671.88702393,73.8853658536585,58.8944613226962
4377,Serbia,SRB,2009 [YR2009],31.5150525046159,83.7046306883147,-0.477358549833298,49.8496704101562,575.262146,73.9853658536585,59.1643483956067
4378,Serbia,SRB,2010 [YR2010],31.3045032362704,83.3688085982163,-0.421741664409637,49.0825119018555,545.33380127,74.3365853658537,59.3505550689338
4379,Serbia,SRB,2011 [YR2011],33.95588567108,82.740898696547,-0.282882064580917,51.5937690734863,618.89422607,74.5365853658537,59.4349187787267
4380,Serbia,SRB,2012 [YR2012],30.384649168974,82.3404642122113,-0.217299461364746,53.5000305175781,559.90545654,74.8365853658537,59.3468437194824
4381,Serbia,SRB,2013 [YR2013],28.4561350651549,81.9409215641436,-0.0756380930542946,56.3808784484863,627.53308105,75.1853658536585,59.6111068725586
4382,Serbia,SRB,2014 [YR2014],28.0367329195926,81.5434141321747,0.184110775589943,58.0549697875977,608.85858154,75.3365853658537,59.8779373168945
4383,Serbia,SRB,2015 [YR2015],27.8632692496949,81.1271781385776,0.234833031892776,58.2876892089844,491.25177002,75.2878048780488,60.1388092041016
4384,Serbia,SRB,2016 [YR2016],25.5339499000416,80.7034301394923,0.133281603455544,62.1369705200195,486.42944336,75.6878048780488,60.3853870034026
4385,Serbia,SRB,2017 [YR2017],26.2823086047504,80.275074319689,0.0833679884672165,66.4867401123047,515.84588623,75.5390243902439,60.621208190918
4386,Serbia,SRB,2018 [YR2018],27.1283419584164,79.8376857992225,0.0053210719488561,67.1586608886719,617.08679199,75.890243902439,60.8433609008789
4387,Serbia,SRB,2019 [YR2019],22.6362588980641,79.4104161902584,-0.0780515447258949,67.7898406982422,641.02966309,75.9365853658537,61.0492248535156
4400,Seychelles,SYC,2011 [YR2011],10.4836323605632,190.089130434783,0.937754094600677,2.91756715035505,560.39526367,72.7243902439024,42.6739844860866
4401,Seychelles,SYC,2012 [YR2012],9.81980568508283,191.963043478261,0.744266331195831,1.55593589544111,666.49902344,74.2756097560976,42.7261758463169
4402,Seychelles,SYC,2013 [YR2013],9.6559410030708,195.541304347826,0.825588941574097,3.50154479917611,646.56634521,73.119512195122,42.815069634181
4403,Seychelles,SYC,2014 [YR2014],9.06745868961229,198.60652173913,0.361632436513901,7.29119296649992,631.42675781,73.2292682926829,42.9386256186342
4404,Seychelles,SYC,2015 [YR2015],9.00174536475684,203.084782608696,0.674569547176361,16.4973007303906,575.63037109,74.2951219512195,43.094803568632
4405,Seychelles,SYC,2016 [YR2016],9.9122300080876,205.819565217391,0.715953171253204,25.6358902463449,673.19622803,74.309756097561,43.2815632531296
4406,Seychelles,SYC,2017 [YR2017],9.84794743856559,208.354347826087,0.779473781585693,42.2082018927445,667.09515381,74.3,43.4968644410824
4407,Seychelles,SYC,2018 [YR2018],9.35591484940797,210.352173913043,0.673994183540344,38.8581314878893,708.699646,72.8414634146341,43.7386669014459
4408,Seychelles,SYC,2019 [YR2019],9.43411735985982,212.228260869565,0.65878689289093,41.2970430107527,692.09197998,74.0463414634146,44.0049304031754
4410,Sierra Leone,SLE,2000 [YR2000],41.6831849365454,61.2858270989194,-1.86868572235107,1.67453002929688,17.80823517,44.834,35.5327867241975
4412,Sierra Leone,SLE,2002 [YR2002],41.7816783655733,68.8755195344971,-0.691395998001099,1.98783004283905,23.70949936,46.174,36.0082791496616
4441,Singapore,SGP,2010 [YR2010],13.796807103582,7231.81196581197,1.16941487789154,93.2696812803906,1510.66784668,81.5414634146342,100.0
4442,Singapore,SGP,2011 [YR2011],15.5030932335334,7363.19318181818,1.19142174720764,95.9817452372883,1700.1685791,81.7439024390244,100.0
4443,Singapore,SGP,2012 [YR2012],16.9223599271481,7524.69830028329,1.36817455291748,101.99681244982,1853.02429199,81.9951219512195,100.0
4447,Singapore,SGP,2016 [YR2016],15.900294890346,7908.72073342736,1.47746896743774,83.9409778236648,2488.28295898,82.8463414634146,100.0
4448,Singapore,SGP,2017 [YR2017],16.0768840541767,7882.37780898876,1.59912502765656,84.7929138455372,2645.3293457,83.0951219512195,100.0
4449,Singapore,SGP,2018 [YR2018],15.9768571619193,7897.30532212885,1.46825659275055,88.8864453410769,2688.27270508,83.2975609756098,100.0
4450,Singapore,SGP,2019 [YR2019],17.0759063187283,7965.87849162011,1.48045420646667,91.0889904414776,2893.78222656,83.5951219512195,100.0
4473,Slovak Republic,SVK,2000 [YR2000],21.3868373355091,112.031600831601,0.663586676120758,28.710729598999,203.50627136,73.0512195121951,56.1058893284907
4475,Slovak Republic,SVK,2002 [YR2002],22.1249717498678,111.786112266112,0.940030038356781,32.7422409057617,254.12765503,73.6048780487805,55.8776140379959
4476,Slovak Republic,SVK,2003 [YR2003],22.7003052930194,111.689336936188,0.947933495044708,34.5505905151367,344.47335815,73.6048780487805,55.7386007222942
4477,Slovak Republic,SVK,2004 [YR2004],23.1759598507491,111.689812889813,0.593536019325256,36.6599617004395,511.52990723,73.9585365853659,55.5843833415875
4478,Slovak Republic,SVK,2005 [YR2005],23.374043016004,111.700769230769,0.898072719573975,40.7710609436035,601.31323242,73.9048780487805,55.4189847597721
4479,Slovak Republic,SVK,2006 [YR2006],23.1757791292256,111.705904365904,0.784178674221039,45.0326881408691,729.01324463,74.2048780487805,55.2464278407442
4480,Slovak Republic,SVK,2007 [YR2007],22.7029960146004,111.738503118503,1.03668713569641,50.5563583374023,1029.30029297,74.2073170731707,55.0707354484001
4481,Slovak Republic,SVK,2008 [YR2008],22.1387064906928,111.834365904366,1.0821361541748,54.1637115478516,1251.67724609,74.7048780487805,54.895930446636
4482,Slovak Republic,SVK,2009 [YR2009],21.6659233760675,112.006778956124,0.920496821403503,56.7700996398926,1320.09301758,74.909756097561,54.7260356993483
4483,Slovak Republic,SVK,2010 [YR2010],21.4676594892892,112.108876920838,1.05331683158875,58.0442390441895,1296.54284668,75.1121951219512,54.5650740704331
4484,Slovak Republic,SVK,2011 [YR2011],22.5558562408852,112.260522375645,0.974757313728333,57.1524887084961,1352.43835449,75.9585365853659,54.4167387988534
4485,Slovak Republic,SVK,2012 [YR2012],20.342178101972,112.451734320413,1.08840095996857,57.0384407043457,1319.43823242,76.109756097561,54.2764528316182
4486,Slovak Republic,SVK,2013 [YR2013],19.5808878710842,112.572637664282,1.11951816082001,55.253978729248,1370.46765137,76.4121951219512,54.1384024098892
4487,Slovak Republic,SVK,2014 [YR2014],19.2661010504213,112.700686356073,1.03912115097046,53.8843002319336,1289.34851074,76.8121951219512,54.0029125499893
4488,Slovak Republic,SVK,2015 [YR2015],19.1867476350431,112.803148787488,0.865759432315826,52.7206687927246,1108.87817383,76.5634146341463,53.8700628001622
4489,Slovak Republic,SVK,2016 [YR2016],17.8788004543361,112.953369384359,0.708230555057526,50.3014488220215,1175.6270752,77.1658536585366,53.7399327086517
4490,Slovak Republic,SVK,2017 [YR2017],18.1847497519631,113.128785357737,0.902731478214264,49.1256103515625,1189.07983398,77.1658536585366,53.6126018237016
4491,Slovak Republic,SVK,2018 [YR2018],18.678784905987,113.285586522463,0.736685812473297,47.8138313293457,1299.91125488,77.2658536585366,53.4881496935559
4492,Slovak Republic,SVK,2019 [YR2019],15.8371166474072,113.43899750416,0.667368829250336,48.1902389526367,1342.07580566,77.6658536585366,53.3666558664583
4494,Slovenia,SVN,2000 [YR2000],20.7629407401817,98.7549652432969,0.886789321899414,55.3705101013184,796.64703369,75.4121951219512,50.6975029797519
4496,Slovenia,SVN,2002 [YR2002],21.268223162792,99.0332671300894,1.30383324623108,66.6545715332031,944.87145996,76.0073170731707,50.7744556266555
4497,Slovenia,SVN,2003 [YR2003],21.6496505670105,99.0929990069513,1.18649446964264,69.6047668457031,1203.06359863,76.8585365853659,50.7553842628349
4498,Slovenia,SVN,2004 [YR2004],21.9631106437327,99.156504468719,1.08161342144012,73.348876953125,1368.64855957,77.2073170731707,50.7124410611224
4499,Slovenia,SVN,2005 [YR2005],22.0932348008799,99.3284011916584,1.09281122684479,81.2728118896484,1449.18920898,77.6121951219512,50.648781400021
4500,Slovenia,SVN,2006 [YR2006],21.7654811995932,99.6458788480636,1.08572900295258,85.2738876342773,1541.66430664,78.0865853658537,50.5672552816963
4501,Slovenia,SVN,2007 [YR2007],20.9839149196018,100.204667328699,1.0986293554306,87.2651672363281,1795.95043945,78.5609756097561,50.4707127083144
4502,Slovenia,SVN,2008 [YR2008],20.0510777467089,100.332370372576,1.14937436580658,88.5987091064453,2179.45239258,78.7658536585366,50.3620036820409
4503,Slovenia,SVN,2009 [YR2009],19.2695114667176,101.245371243634,0.936905801296234,87.96533203125,2125.05688477,78.9707317073171,50.2439782050416
4504,Slovenia,SVN,2010 [YR2010],18.9417578654309,101.685826607499,0.866508841514587,90.2514877319336,2017.14660645,79.4219512195122,50.1194862794826
4505,Slovenia,SVN,2011 [YR2011],20.6973508722527,101.898292465005,0.969209671020508,87.1887130737305,2147.80517578,79.9707317073171,49.9463818748723
4506,Slovenia,SVN,2012 [YR2012],18.3430191214734,102.114049151928,0.935110688209534,89.0215606689453,1974.85400391,80.1243902439024,49.7619476318359
4507,Slovenia,SVN,2013 [YR2013],18.16324478528,102.281678252234,0.882251679897308,87.8572082519531,2055.38134766,80.3219512195122,50.0466580754027
4508,Slovenia,SVN,2014 [YR2014],17.79704248843,102.382323733863,0.965773403644562,84.3780288696289,2062.38476563,81.0780487804878,50.983470916748
4509,Slovenia,SVN,2015 [YR2015],17.7209260643327,102.446109241111,0.947492003440857,82.1997833251953,1775.86071777,80.7756097560976,53.6612160294144
4510,Slovenia,SVN,2016 [YR2016],16.4517774590328,102.52417833383,0.979141891002655,79.4747467041016,1838.65405273,81.1756097560976,53.647274017334
4511,Slovenia,SVN,2017 [YR2017],16.502696435309,102.610871929328,0.866365492343903,79.2703475952148,1925.03466797,81.0292682926829,55.2451133728027
4512,Slovenia,SVN,2018 [YR2018],18.1801552844915,102.992292564709,0.89426726102829,77.3015975952148,2169.57885742,81.3780487804878,55.1913430955675
4513,Slovenia,SVN,2019 [YR2019],13.9082165762349,103.711934605987,0.801585972309113,76.4720077514648,2219.09790039,81.5292682926829,55.4523277282715
4590,South Africa,ZAF,2012 [YR2012],24.6444105011731,44.3351828800831,-0.0253867004066706,17.9447234835981,646.49920654,61.737,62.9616560303263
4591,South Africa,ZAF,2013 [YR2013],24.1607460915842,45.0739771987239,-0.0462945364415646,18.6088225305342,593.80157471,62.388,63.0524024097034
4592,South Africa,ZAF,2014 [YR2014],24.5484834922425,45.8291124318888,-0.146388962864876,18.4813356370067,539.30780029,63.184,63.1352327065742
4593,South Africa,ZAF,2015 [YR2015],24.5964053006527,46.7595454582925,-0.220544874668121,19.0332949537661,491.90652466,64.053,63.2096349937231
4594,South Africa,ZAF,2016 [YR2016],24.1476891116721,47.2014038529705,-0.149085000157356,18.9292980324153,456.56936646,64.749,63.2750973439347
4595,South Africa,ZAF,2017 [YR2017],23.754937395964,47.5110354549127,-0.284803628921509,21.0902909603212,527.52020264,65.422,63.3311078299936
4596,South Africa,ZAF,2018 [YR2018],23.8122504048776,48.3171083761304,-0.237546816468239,22.3515425184231,558.8013916,65.726,63.3771545246841
4597,South Africa,ZAF,2019 [YR2019],23.1897720637682,49.1207453692636,-0.2832210958004,22.2442465104023,538.80426025,66.071,63.4127255007908
4662,Spain,ESP,2000 [YR2000],16.0217993612102,81.2983246492986,0.459468245506287,58.4075393676758,1005.28399658,78.9658536585366,76.1650552349602
4664,Spain,ESP,2002 [YR2002],15.5644729498625,83.0225192369349,0.438226073980331,63.7400817871094,1174.5793457,79.5682926829268,76.4934217249538
4665,Spain,ESP,2003 [YR2003],15.2122004417795,84.5088139260031,-0.047485888004303,65.5322113037109,1640.91772461,79.619512195122,76.709335590859
4666,Spain,ESP,2004 [YR2004],14.8304822106943,85.9848050803317,-0.0905463024973869,67.4735717773438,1922.27380371,79.8707317073171,76.9549627547133
4667,Spain,ESP,2005 [YR2005],14.4590386155595,87.4654972049129,0.19302661716938,68.1358337402344,2062.40625,80.1707317073171,77.2206801920294
4668,Spain,ESP,2006 [YR2006],14.0220409091183,88.9761493446631,-0.150648653507233,68.9646224975586,2242.15869141,80.8219512195122,77.4968648783202
4669,Spain,ESP,2007 [YR2007],13.490557436925,90.6149005229308,-0.276731640100479,69.2297668457031,2606.27783203,80.8731707317073,77.7738937890987
4670,Spain,ESP,2008 [YR2008],12.9746541971488,92.1293223736969,-0.383085459470749,69.4019393920898,2995.18603516,81.1756097560976,78.0421438998777
4671,Spain,ESP,2009 [YR2009],12.584397187959,92.9750651746681,-0.474599570035934,71.4311676025391,2937.71777344,81.4756097560976,78.2919921861701
4672,Spain,ESP,2010 [YR2010],12.4298524075247,93.1519309613808,-0.318043738603592,76.3829116821289,2789.63720703,81.6268292682927,78.5138156234888
4673,Spain,ESP,2011 [YR2011],13.4200482874381,93.5078358806114,0.0211045369505882,80.7240905761719,2908.91967773,82.4756097560976,78.695397956495
4674,Spain,ESP,2012 [YR2012],12.0395432976255,93.5068371284061,-0.0295164491981268,82.89208984375,2590.73803711,82.4268292682927,78.8455680301618
4675,Spain,ESP,2013 [YR2013],11.2505956077366,93.169262909578,0.0120177594944835,85.2132568359375,2630.01904297,83.0780487804878,78.9858086902112
4676,Spain,ESP,2014 [YR2014],10.5798592110443,92.8824553687451,0.243121743202209,88.0015563964844,2680.02954102,83.2292682926829,79.1196713833488
4677,Spain,ESP,2015 [YR2015],11.2555313002962,92.907597351004,0.24116013944149,88.5742492675781,2349.54663086,82.8317073170732,79.2454892743023
4678,Spain,ESP,2016 [YR2016],10.338836110853,92.9973717081295,0.402214497327805,89.8067779541016,2377.04956055,83.3292682926829,79.3615955277997
4679,Spain,ESP,2017 [YR2017],10.4366670528408,93.2268622784207,0.270845949649811,91.8877410888672,2525.13964844,83.2829268292683,79.4663233085683
4680,Spain,ESP,2018 [YR2018],10.1845744948112,93.638281089712,0.27590623497963,92.1748886108398,2741.90600586,83.4317073170732,79.5580057813361
4681,Spain,ESP,2019 [YR2019],9.35354339662499,94.3181087826492,0.292768746614456,91.020263671875,2713.62255859,83.8317073170732,79.6349761108307
4693,Sri Lanka,LKA,2010 [YR2010],22.0458163253294,332.946723010684,-0.94294685125351,15.8440563450578,105.07371521,74.463,17.2486209380693
4694,Sri Lanka,LKA,2011 [YR2011],19.3067208821847,335.019103811194,-0.724771440029144,14.6727189156336,115.51642609,74.74,17.7881192817964
4695,Sri Lanka,LKA,2012 [YR2012],20.9131853685461,337.577069047999,-0.717079222202301,16.322805343317,110.03600311,75.187,18.2617686748284
4696,Sri Lanka,LKA,2013 [YR2013],21.9721781997635,328.257056290863,-0.612895429134369,17.7655041707891,133.15968323,75.546,18.4323136480916
4697,Sri Lanka,LKA,2014 [YR2014],19.7831265390581,331.334715356403,-0.330464035272598,17.8701919678234,132.82194519,75.757,18.6153877203724
4698,Sri Lanka,LKA,2015 [YR2015],17.9117046245301,338.810527846445,0.0831826627254486,18.1726459197686,144.29077148,75.99,18.796256612131
4699,Sri Lanka,LKA,2016 [YR2016],19.521371968942,342.672030762768,-0.0113400500267744,17.1510485178135,145.32496643,76.136,18.9747679368162
4700,Sri Lanka,LKA,2017 [YR2017],18.3492016336564,346.614318258931,-0.0754480063915253,17.1941300290821,142.32518005,76.239,19.1507693078088
4701,Sri Lanka,LKA,2018 [YR2018],20.8478350946817,350.284495021337,-0.139304608106613,17.8869756778112,154.64622498,76.485,19.3241083384127
4702,Sri Lanka,LKA,2019 [YR2019],19.779803654502,352.431694638296,-0.21553660929203,19.4563160693078,154.87071228,76.698,19.4946326418437
4712,St. Kitts and Nevis,KNA,2008 [YR2008],7.74541893162615,180.134615384615,0.920431792736053,19.8842601776123,881.09844971,71.479,31.5615339709202
4718,St. Kitts and Nevis,KNA,2014 [YR2014],7.35752091509014,181.111538461538,0.572488188743591,90.9599990844727,961.73028564,71.228,31.2290015317909
4719,St. Kitts and Nevis,KNA,2015 [YR2015],8.17910001090095,181.103846153846,0.564717531204224,93.92236328125,1041.82250977,71.211,31.2513929695583
4729,St. Lucia,LCA,2004 [YR2004],21.2700467574092,269.244262295082,1.2183393239975,13.3422899246216,309.42208862,72.453,24.8459172882296
4730,St. Lucia,LCA,2005 [YR2005],20.9982161272287,271.229508196721,1.00011491775513,12.7918500900269,333.37374878,72.544,23.5419158996884
4731,St. Lucia,LCA,2006 [YR2006],20.9474952990289,273.17868852459,0.860106229782104,9.52157974243164,389.94595337,72.794,22.2016686292365
4732,St. Lucia,LCA,2007 [YR2007],20.9823479426668,275.013114754098,0.617986261844635,8.46230983734131,439.59280396,72.86,20.9268897953144
4733,St. Lucia,LCA,2008 [YR2008],21.0475349754885,276.734426229508,0.640764355659485,15.7249202728272,430.23074341,72.963,19.8192937163625
4734,St. Lucia,LCA,2009 [YR2009],21.0878173148401,278.473770491803,0.685753643512726,17.469539642334,432.087677,72.946,18.9805947108213
4735,St. Lucia,LCA,2010 [YR2010],21.0479558780675,280.173770491803,0.790275514125824,12.4684000015259,438.23928833,72.768,18.5125070971313
4736,St. Lucia,LCA,2011 [YR2011],20.6119269898378,281.640983606557,0.849078357219696,16.2693996429443,463.79498291,72.962,18.4743479557314
4737,St. Lucia,LCA,2012 [YR2012],21.0465307968291,282.929508196721,0.893705666065216,10.2734699249268,455.97622681,72.86,18.6193081275177
4738,St. Lucia,LCA,2013 [YR2013],21.8244150541212,284.211475409836,0.85335773229599,14.0192003250122,483.6133728,72.687,18.9258370999948
4739,St. Lucia,LCA,2014 [YR2014],22.2578153815924,285.472131147541,0.816450417041779,17.0831794738769,464.51150513,72.676,19.3915445904726
4740,St. Lucia,LCA,2015 [YR2015],23.9677087919965,286.729508196721,0.837734758853912,17.0301094055176,466.48291016,72.932,20.0204288176073
4741,St. Lucia,LCA,2016 [YR2016],24.0761301376266,287.944262295082,0.998592257499695,19.7992000579834,472.43051147,72.552,20.8164880000551
4742,St. Lucia,LCA,2017 [YR2017],23.0833259465748,289.085245901639,0.974611222743988,20.7471294403076,495.12600708,72.522,21.783720356472
4743,St. Lucia,LCA,2018 [YR2018],23.2729579590218,290.191803278688,0.993462741374969,14.6563596725464,486.53726196,72.655,22.9261241055144
4744,St. Lucia,LCA,2019 [YR2019],23.070500576614,291.247540983607,0.906603932380676,15.9467096328735,493.95703125,72.249,24.2476974658382
4781,St. Vincent and the Grenadines,VCT,2014 [YR2014],22.4680502987672,275.730769230769,0.816450417041779,23.9405403137207,299.33129883,70.355,46.5579930468544
4782,St. Vincent and the Grenadines,VCT,2015 [YR2015],24.2045950887733,274.25641025641,0.987564265727997,23.6186294555664,302.58422852,70.463,46.6845638727475
4863,Sudan,SDN,2012 [YR2012],64.1497177387956,19.7661552462527,-2.26056337356567,14.8181400299072,75.40813446,63.427,33.1425561614901
4864,Sudan,SDN,2013 [YR2013],60.4369003558748,20.2279705567452,-2.19300961494446,16.6676292419434,97.4927597,63.443,33.4264777958103
4865,Sudan,SDN,2014 [YR2014],49.516943286103,20.7833608137045,-2.36308455467224,15.958589553833,88.78570557,63.99,33.7624582408117
4866,Sudan,SDN,2015 [YR2015],61.1105056197826,21.4263549250535,-2.15515303611755,15.8645696640015,93.69758606,64.375,34.0914394628597
4874,Suriname,SUR,2002 [YR2002],30.008871262422,3.09362901858672,0.492683351039886,11.2604503631592,158.21212769,65.274,66.7320549534773
4891,Suriname,SUR,2019 [YR2019],29.9904120028237,3.77407650640365,0.0876805111765862,5.26435130947432,599.07025146,71.773,66.0370492311305
4893,Sweden,SWE,2000 [YR2000],9.69526031154178,21.7806145583158,1.39177203178406,67.6448364257812,2173.1940918,79.6439024390244,84.0400009155273
4895,Sweden,SWE,2002 [YR2002],9.22155824913309,21.9103563929565,1.47525751590729,74.7414321899414,2459.09863281,79.8463414634146,84.1342508376823
4896,Sweden,SWE,2003 [YR2003],8.91945432965492,21.9920351490414,1.34161329269409,80.4902877807617,3110.19970703,80.0951219512195,84.1954289653543
4897,Sweden,SWE,2004 [YR2004],8.6377252099159,22.0786999155742,1.36222684383392,83.0349807739258,3488.17285156,80.4975609756098,84.2670710494849
4898,Sweden,SWE,2005 [YR2005],8.4242784338573,22.1671788927031,1.29990482330322,81.7390899658203,3547.63330078,80.5463414634146,84.3499984741211
4899,Sweden,SWE,2006 [YR2006],8.25715564450449,22.2922170365422,1.29393398761749,79.3352279663086,3765.39697266,80.7487804878049,84.4553200620359
4900,Sweden,SWE,2007 [YR2007],8.09484166609447,22.4581399750626,1.27147829532623,75.3943710327148,4310.32666016,80.9,84.5906875454778
4901,Sweden,SWE,2008 [YR2008],7.955908814386,22.6337796193202,1.12833654880524,71.158073425293,4627.56396484,81.1,84.7517366727063
4902,Sweden,SWE,2009 [YR2009],7.85892940513784,22.8274214371936,1.08463823795319,71.0115814208984,4136.17333984,81.3512195121951,84.9341031919813
4903,Sweden,SWE,2010 [YR2010],7.82247575410873,23.0228627359425,1.09417045116425,73.0818328857422,4416.14550781,81.4512195121951,85.1334228515625
4904,Sweden,SWE,2011 [YR2011],7.91243933234096,23.1973780115221,1.23068809509277,71.9184112548828,6351.21679688,81.8024390243903,85.3600748880524
4905,Sweden,SWE,2012 [YR2012],6.6090550437011,23.3696200002111,1.17059719562531,68.742301940918,6254.44287109,81.7048780487805,85.6250668883122
4906,Sweden,SWE,2013 [YR2013],6.56222856877152,23.5684835040631,1.12777805328369,65.7820892333984,6696.87255859,81.9560975609756,85.9249771259894
4907,Sweden,SWE,2014 [YR2014],6.77228861428546,23.8034986523533,1.06541478633881,64.9541931152344,6605.91162109,82.2536585365854,86.2563838747314
4908,Sweden,SWE,2015 [YR2015],6.30260504424704,24.0582617728817,0.932670474052429,66.4283218383789,5598.68164063,82.2048780487805,86.6158654081858
4909,Sweden,SWE,2016 [YR2016],5.69783329212579,24.362449750883,1.00078213214874,68.306037902832,5680.72607422,82.3073170731707,87.0
4910,Sweden,SWE,2017 [YR2017],6.06180356722068,24.6929419766692,0.968603014945984,70.4342498779297,5837.77099609,82.409756097561,87.237373786911
4911,Sweden,SWE,2018 [YR2018],6.29086232136503,24.9814588688378,0.921417593955994,73.4083786010742,6005.06591797,82.5585365853659,87.4737430925296
4912,Sweden,SWE,2019 [YR2019],6.06869269595507,25.2378879395011,1.01188635826111,75.1148529052734,5652.98974609,83.109756097561,87.7088420242759
4914,Switzerland,CHE,2000 [YR2000],16.3078475386111,181.771231711013,1.57881200313568,38.1127586364746,3559.81982422,79.6804878048781,73.302430524727
4916,Switzerland,CHE,2002 [YR2002],15.5090403870949,184.325482117304,1.54236817359924,39.9602890014648,4211.72949219,80.3853658536585,73.4195324136588
4917,Switzerland,CHE,2003 [YR2003],15.0665117216973,185.703856614881,1.24610948562622,43.0505409240723,5018.52734375,80.5365853658537,73.4518762174754
4918,Switzerland,CHE,2004 [YR2004],14.6563247870221,186.990617655533,1.22733986377716,44.8805198669434,5608.703125,81.0878048780488,73.4761317507392
4919,Switzerland,CHE,2005 [YR2005],14.3242984259311,188.198156410317,1.19678211212158,45.2465286254883,5673.93994141,81.2365853658537,73.4951000915434
4920,Switzerland,CHE,2006 [YR2006],14.0354502149848,189.388794405946,1.26811742782593,46.2847785949707,5671.98144531,81.490243902439,73.5115823179813
4921,Switzerland,CHE,2007 [YR2007],13.7482163874631,191.094854564163,1.23440885543823,47.8155517578125,6154.703125,81.7414634146342,73.5283795081459
4922,Switzerland,CHE,2008 [YR2008],13.4985437713066,193.541360670795,1.22224521636963,49.6888809204102,7120.65283203,81.9926829268293,73.5482927401305
4923,Switzerland,CHE,2009 [YR2009],13.3223791944562,195.977767173332,1.30772125720978,50.3034515380859,7297.37988281,82.0439024390244,73.5741230920283
4924,Switzerland,CHE,2010 [YR2010],13.2556694848526,198.032658685794,1.25859427452087,52.8040618896484,7695.68798828,82.2463414634147,73.6086716419323
4925,Switzerland,CHE,2011 [YR2011],13.864731836329,200.249864435738,1.30034208297729,53.1352806091309,9204.87792969,82.6951219512195,73.65058748615
4926,Switzerland,CHE,2012 [YR2012],12.6827485821719,202.390548012367,1.41833603382111,54.835620880127,8929.32519531,82.6975609756098,73.7522629583622
4927,Switzerland,CHE,2013 [YR2013],12.4432960759198,204.734336607627,1.4011402130127,56.1812400817871,9324.97265625,82.7975609756098,74.1121384785551
4928,Switzerland,CHE,2014 [YR2014],10.6156284957703,207.250751433234,1.40265262126923,58.0650596618652,9550.45507813,83.1975609756098,74.7402679059582
4929,Switzerland,CHE,2015 [YR2015],11.7226082380351,209.626620751132,1.32649421691895,60.8185615539551,9272.515625,82.8975609756098,75.6044960143169
4930,Switzerland,CHE,2016 [YR2016],10.6566460014216,211.931572125581,1.28985404968262,61.1939888000488,9276.50292969,83.6024390243903,76.6726675773771
4931,Switzerland,CHE,2017 [YR2017],9.91481464472654,213.918480127503,1.24231648445129,62.4597206115723,9423.64941406,83.5512195121951,77.9126273688843
4932,Switzerland,CHE,2018 [YR2018],10.1481592849367,215.500094533915,1.3194819688797,64.3533935546875,9577.30273438,83.7536585365854,79.2922201625844
4933,Switzerland,CHE,2019 [YR2019],9.45001875443382,217.042781721823,1.31097543239594,66.3093414306641,9646.91308594,83.9048780487805,80.7792907322229
4937,Syrian Arab Republic,SYR,2002 [YR2002],23.2266149127917,95.0502339754054,0.277536004781723,12.6482696533203,62.5323143,71.742,52.6957745699164
4938,Syrian Arab Republic,SYR,2003 [YR2003],23.505989430593,97.4415599978212,0.0636451989412308,13.2320003509522,59.66984177,72.188,53.1024010548332
4939,Syrian Arab Republic,SYR,2004 [YR2004],23.8516945666111,99.8903687966443,-0.285746335983276,15.2420597076416,59.96079254,72.494,53.5
4940,Syrian Arab Republic,SYR,2005 [YR2005],24.2375269426323,102.490009260772,-0.461608588695526,18.2976398468018,62.02973557,72.797,53.8227202374695
4941,Syrian Arab Republic,SYR,2006 [YR2006],25.0004851753207,106.937983989544,-0.278217822313309,20.8499908447266,63.69380569,73.04,54.059770380523
4942,Syrian Arab Republic,SYR,2007 [YR2007],26.245550864447,113.723181224134,-0.339876115322113,21.3354091644287,71.78123474,73.256,54.2883969431774
4943,Syrian Arab Republic,SYR,2008 [YR2008],27.5984951064572,117.820540187323,-0.339036047458649,21.8033008575439,82.53261566,73.368,54.5858464394493
4944,Syrian Arab Republic,SYR,2009 [YR2009],28.6850889977974,119.674194075365,-0.509100556373596,22.903039932251,87.32125854,73.496,55.0293653833552
4945,Syrian Arab Republic,SYR,2010 [YR2010],29.1311036349137,122.433267984534,-0.805789709091187,24.7345008850098,88.11807251,73.542,55.6962002889119
4946,Syrian Arab Republic,SYR,2011 [YR2011],25.6858667253095,124.58801938681,-2.01210689544678,24.5282592773438,74.3771286,72.259,58.4817704183521
4947,Syrian Arab Republic,SYR,2012 [YR2012],24.5499952322116,123.943598540543,-2.68227386474609,28.8359394073486,62.70924759,66.206,65.0896662830335
4948,Syrian Arab Republic,SYR,2013 [YR2013],26.3151629967473,117.99225072156,-2.68114280700684,31.4127197265625,44.37207794,65.146,73.0620491886137
4949,Syrian Arab Republic,SYR,2014 [YR2014],25.7324188924062,110.404939280074,-2.74882411956787,44.4609794616699,46.44654465,65.492,76.0
4950,Syrian Arab Republic,SYR,2015 [YR2015],26.9795023656779,105.781288460491,-2.965176820755,47.8358993530273,36.14657974,63.265,75.7529067188542
4951,Syrian Arab Republic,SYR,2016 [YR2016],25.5706170226563,104.524500353973,-2.90603613853455,43.7606582641602,25.93214798,65.19,75.15400963398
4956,Tajikistan,TJK,2000 [YR2000],37.0330479373257,44.903793941126,-1.64776349067688,17.1997108459473,5.90626955,63.542,26.5355104669232
4958,Tajikistan,TJK,2002 [YR2002],35.660396847721,46.6681123178051,-0.982307970523834,16.9350700378418,8.21969986,64.898,26.5336513960096
4959,Tajikistan,TJK,2003 [YR2003],34.5291662601766,47.5748428122321,-1.09949171543121,18.3057403564453,10.97546482,65.874,26.5331204386766
4960,Tajikistan,TJK,2004 [YR2004],33.5888791207511,48.517769362675,-1.30745339393616,19.5840606689453,14.6509676,66.604,26.5327772632159
4961,Tajikistan,TJK,2005 [YR2005],33.2051955369046,49.4764218348099,-1.39246213436127,20.1519508361816,17.38472557,66.531,26.5324878262051
4962,Tajikistan,TJK,2006 [YR2006],33.4371576833326,50.425593026579,-1.3861448764801,21.302490234375,20.04485893,66.997,26.5321180842215
4963,Tajikistan,TJK,2007 [YR2007],34.1448664488734,51.4038082309231,-0.752052187919617,22.2864494323731,28.58950996,67.405,26.5315339938424
4964,Tajikistan,TJK,2008 [YR2008],35.3955700122009,52.4321448985424,-0.830599308013916,22.7512302398682,41.35135651,67.924,26.5306015116451
4965,Tajikistan,TJK,2009 [YR2009],37.256516551989,53.5169334095456,-1.02539455890656,22.5239295959473,38.9187851,68.248,26.529186594207
4966,Tajikistan,TJK,2010 [YR2010],39.7949542469115,54.6737710774507,-1.03453838825226,22.8308906555176,42.28567886,68.37,26.5274312963978
4967,Tajikistan,TJK,2011 [YR2011],53.195882702872,55.9072949414118,-1.02323389053345,22.3199405670166,48.8431282,68.698,26.4792213439941
4968,Tajikistan,TJK,2012 [YR2012],51.3794263594159,57.2598170905973,-1.24085974693298,22.6923599243164,56.97117615,69.13,26.4102249145508
4969,Tajikistan,TJK,2013 [YR2013],51.0460904062202,58.7076593312375,-1.18237400054932,22.6164398193359,67.62356567,69.579,26.4883155822754
4970,Tajikistan,TJK,2014 [YR2014],46.6700130134501,60.7089475883735,-0.69334077835083,24.2260093688965,73.06859589,69.697,26.5633735656738
4971,Tajikistan,TJK,2015 [YR2015],45.5749888542868,62.2799913538439,-0.882318019866943,26.0669097900391,62.75804901,69.665,26.478832244873
4972,Tajikistan,TJK,2016 [YR2016],44.7655503683053,63.8780243533396,-0.78061830997467,28.5179100036621,54.9213562,69.982,26.3718509674072
4973,Tajikistan,TJK,2017 [YR2017],42.5053360629934,65.4654225808776,-0.674310863018036,30.2374706268311,56.85092545,70.524,26.2731513977051
4977,Tanzania,TZA,2000 [YR2000],20.2177355377851,38.6770591555656,-0.701925754547119,0.64341002702713,12.33031845,53.244,22.1944164040635
4979,Tanzania,TZA,2002 [YR2002],20.7504614747252,40.7781711447279,-0.253289312124252,0.697420001029968,17.0355854,54.94,23.0306918214565
4980,Tanzania,TZA,2003 [YR2003],20.9420332235962,41.8712519756153,-0.855547189712524,0.897960007190704,20.39437675,55.929,23.5202087261949
4981,Tanzania,TZA,2004 [YR2004],21.1359409346129,43.022881011515,-0.671642243862152,1.21524000167847,23.4493866,56.836,24.0832469119457
4982,Tanzania,TZA,2005 [YR2005],21.371332189184,44.2335470760894,-0.583453714847565,1.42771995067596,27.71374512,57.675,24.7061884538741
4984,Tanzania,TZA,2007 [YR2007],21.8434497525189,46.7775028223075,-0.38706237077713,1.46310997009277,36.23610306,59.26,26.0720614791471
4987,Tanzania,TZA,2010 [YR2010],23.1053112582158,50.5288868819147,0.0144716212525964,2.13913621753427,37.18493271,61.127,28.1968953939105
4989,Tanzania,TZA,2012 [YR2012],25.5667487604226,53.4818920749605,0.0514542907476425,3.96461947161333,41.99654007,62.286,29.4878764597911
4990,Tanzania,TZA,2013 [YR2013],24.5340682116755,55.1186814179273,-0.162120848894119,3.67337417645482,43.46931839,62.788,30.0725108782502
4992,Tanzania,TZA,2015 [YR2015],25.1682619442571,58.7276608715286,-0.423460692167282,3.98361077132501,33.27184296,63.928,31.2061566592472
4993,Tanzania,TZA,2016 [YR2016],25.3938175391915,60.7631666290359,-0.448246777057648,3.72893939925404,36.65267563,64.404,31.7577303242916
4994,Tanzania,TZA,2017 [YR2017],21.0006603142176,62.8278279521337,-0.570162117481232,4.78205361153138,39.03560638,64.963,32.2987013317296
4995,Tanzania,TZA,2018 [YR2018],21.2944892567993,64.842114472793,-0.580475687980652,4.27996511118124,41.28152084,65.488,32.8287423010834
4996,Tanzania,TZA,2019 [YR2019],20.7785687915826,66.8038959132987,-0.388420015573502,2.85588898826608,39.98176956,66.007,33.3475258518752
5000,Thailand,THA,2002 [YR2002],40.4326952705377,125.793100275989,0.506276667118073,40.1257095336914,69.68746185,71.775,34.0732781018222
5001,Thailand,THA,2003 [YR2003],40.5281267680848,126.970905674411,-0.145084381103516,41.1551513671875,76.13368225,72.101,35.4270354382579
5002,Thailand,THA,2004 [YR2004],40.5277251520537,128.1137759596,-0.717405676841736,42.1445999145508,82.91682434,72.1,36.785516284484
5003,Thailand,THA,2005 [YR2005],40.3222667651549,129.220419268336,-0.870126605033875,44.3367195129395,90.61147308,72.894,38.1301594392881
5004,Thailand,THA,2006 [YR2006],39.7521062500821,130.297494568302,-1.13020014762878,44.1761817932129,103.26116943,73.341,39.4424037014582
5005,Thailand,THA,2007 [YR2007],38.7509301612035,131.344113214195,-1.11284792423248,47.55419921875,125.10979462,73.779,40.7036878697821
5006,Thailand,THA,2008 [YR2008],37.3495127087413,132.356926148486,-1.27209329605103,46.3521308898926,149.06762695,74.221,41.8954507430475
5007,Thailand,THA,2009 [YR2009],35.5786281029176,133.338057116013,-1.42447113990784,46.2023391723633,149.67800903,74.669,42.9991311200422
5008,Thailand,THA,2010 [YR2010],33.4690505539545,134.235250249564,-1.44278836250305,46.3783774485726,168.61891174,75.012,44.0018736622496
5009,Thailand,THA,2011 [YR2011],29.0591951880929,135.072536162383,-1.13353371620178,52.7332765596589,191.74464417,75.302,44.8048723557374
5010,Thailand,THA,2012 [YR2012],31.5886298984382,135.912031944254,-1.21663069725037,50.7403100613359,201.70690918,75.59,45.373565813715
5011,Thailand,THA,2013 [YR2013],34.4883511418629,136.712626984282,-1.31168270111084,49.6879408184566,207.81243896,75.96,45.8321343847773
5012,Thailand,THA,2014 [YR2014],29.9705384622081,137.439305917125,-0.906386315822601,49.9091820021394,213.74395752,76.279,46.3138799467897
5013,Thailand,THA,2015 [YR2015],28.1544413826202,138.07433106931,-0.995044946670532,45.713134717198,219.15092468,76.563,46.9521043776171
5014,Thailand,THA,2016 [YR2016],30.3985996204755,138.698821664155,-0.991300225257874,49.3227291503798,229.7849884,76.769,47.8801095551247
5015,Thailand,THA,2017 [YR2017],27.1006744719071,139.286709467791,-0.754879415035248,47.427491541895,247.08152771,76.989,49.2311973571777
5016,Thailand,THA,2018 [YR2018],30.0080973964844,139.709289670966,-0.799416124820709,46.1667791174286,274.71221924,77.19,54.5843734741211
5017,Thailand,THA,2019 [YR2019],30.382756547172,139.995441288731,-0.491406112909317,44.9880040072053,288.31097412,77.197,55.9266166687012
5028,Timor-Leste,TLS,2009 [YR2009],18.5228660242599,71.2025554808339,-0.565601110458374,16.5156002044678,50.18856049,63.265,29.4007657042596
5029,Timor-Leste,TLS,2010 [YR2010],17.660538991967,72.9441156691325,-0.467514544725418,17.7029094696045,52.6151619,63.66,29.6398840020416
5046,Togo,TGO,2006 [YR2006],45.8783643857125,110.510535024821,-0.527322232723236,4.9507098197937,17.75014305,56.142,35.795057579151
5047,Togo,TGO,2007 [YR2007],46.061091906575,113.777238462953,-0.341404855251312,5.5628399848938,22.34309769,56.382,36.2392154091353
5050,Togo,TGO,2010 [YR2010],47.1272031157292,123.783599926457,-0.179348394274712,8.90678270945479,30.54597664,57.227,37.5545882975638
5051,Togo,TGO,2011 [YR2011],48.2695276844169,127.164441993013,-0.162598490715027,9.66968081043628,34.41139603,57.612,37.9872305648732
5052,Togo,TGO,2012 [YR2012],53.6407922683827,130.55223386652,-0.386457771062851,10.7079137745625,35.40290833,57.94,38.4194359598204
5053,Togo,TGO,2013 [YR2013],43.0219165772312,133.948189005332,-0.353710830211639,10.8397865677878,39.56414795,58.345,38.8516767884103
5054,Togo,TGO,2014 [YR2014],43.0636342660236,137.386468100754,-0.16712686419487,10.5384945175632,41.96416092,58.766,39.2839506458368
5055,Togo,TGO,2015 [YR2015],67.316079169015,140.893454679169,-0.232123047113419,10.8146472215817,46.69767761,59.22,39.7162551272934
5056,Togo,TGO,2016 [YR2016],60.2898429310496,144.480400808972,-0.17511710524559,12.0913340463942,50.64896011,59.669,40.1485878279739
5057,Togo,TGO,2017 [YR2017],58.2450494555721,148.136422136422,-0.874444663524628,12.3068653432672,51.5464592,60.135,40.5809463430719
5058,Togo,TGO,2018 [YR2018],55.1042380453434,151.843684500827,-0.885994553565979,12.9031599603185,52.43610382,60.601,41.013328267781
5059,Togo,TGO,2019 [YR2019],47.6290664711767,155.599705828277,-0.908257663249969,13.1551472123617,48.85387421,61.055,41.445731197295
5064,Tonga,TON,2003 [YR2003],12.7078429737717,145.088888888889,0.629589557647705,6.82398986816406,68.05188751,70.228,23.0943621775072
5082,Trinidad and Tobago,TTO,2000 [YR2000],24.1096411373475,257.265886939571,0.153456091880798,5.75815010070801,266.16275024,68.629,55.9291468285602
5084,Trinidad and Tobago,TTO,2002 [YR2002],23.2750590319697,259.65126705653,-0.0942921563982964,8.58695983886719,324.36880493,69.232,55.8298121439974
5085,Trinidad and Tobago,TTO,2003 [YR2003],22.6238239897069,260.956920077973,-0.250032126903534,8.70431995391846,358.59500122,69.454,55.7188050758235
5086,Trinidad and Tobago,TTO,2004 [YR2004],22.0728570584119,262.25730994152,-0.0683272704482079,11.8308000564575,431.37268066,69.879,55.5711241312409
5103,Tunisia,TUN,2000 [YR2000],27.4662896589768,62.8535980947477,0.321114897727966,18.2472705841064,111.01378632,72.604,63.6166653822584
5105,Tunisia,TUN,2002 [YR2002],26.477495003696,64.1832839855819,0.154225796461105,22.0570907592773,124.64620972,73.07,64.2822554892505
5106,Tunisia,TUN,2003 [YR2003],25.6457176022554,64.8277033985582,0.317870795726776,25.9742908477783,148.93447876,73.304,64.6055972687544
5107,Tunisia,TUN,2004 [YR2004],24.9487852408403,65.4361676107106,0.148958027362823,28.3220500946045,167.27586365,73.519,64.9272741461338
5108,Tunisia,TUN,2005 [YR2005],24.6565217363698,66.0110195674562,0.0242274515330791,30.4263496398926,169.84550476,73.712,65.2340901739004
5109,Tunisia,TUN,2006 [YR2006],24.9161206082962,66.5963568486097,0.20851244032383,31.5884609222412,178.82592773,73.888,65.5209809651521
5110,Tunisia,TUN,2007 [YR2007],25.5351464343827,67.209719361483,0.158262476325035,32.1416816711426,202.32022095,74.039,65.8000030517578
5111,Tunisia,TUN,2008 [YR2008],26.2739796190147,67.8593910916581,0.0998212322592735,33.5827484130859,230.50152588,74.192,66.0676053984361
5112,Tunisia,TUN,2009 [YR2009],26.8930005665779,68.554846807415,0.0596117079257965,35.3081817626953,231.3591156,74.32,66.3362197875977
5113,Tunisia,TUN,2010 [YR2010],27.1525896814577,69.2969876416066,-0.0639763623476028,36.0425300598145,240.75447083,74.438,66.6280059814453
5114,Tunisia,TUN,2011 [YR2011],23.7968442569893,70.069741246138,-0.3537417948246,35.942798614502,270.67507935,74.471,66.9191886197857
5115,Tunisia,TUN,2012 [YR2012],22.6944628193599,70.865390061792,-0.721316933631897,36.0693092346191,270.29055786,74.599,67.2098922729492
5116,Tunisia,TUN,2013 [YR2013],22.1415749104783,71.713188722966,-0.902563273906708,34.2130088806152,284.64538574,74.674,67.4999542236328
5117,Tunisia,TUN,2014 [YR2014],25.1638447684439,72.5687950566426,-0.851661503314972,33.7252311706543,287.60955811,74.784,67.7524643379101
5118,Tunisia,TUN,2015 [YR2015],23.6344412527314,73.3925334706488,-0.960177004337311,33.373851776123,249.46418762,74.875,67.8807907104492
5119,Tunisia,TUN,2016 [YR2016],24.8089216632322,74.2061920700309,-1.13972234725952,31.2128105163574,240.40258789,75.007,68.0623356528248
5120,Tunisia,TUN,2017 [YR2017],22.571757071458,74.9903321318229,-1.02349054813385,30.9277496337891,223.85903931,75.177,68.2877807617188
5121,Tunisia,TUN,2018 [YR2018],25.5228520953696,75.7306513903193,-0.868207275867462,30.9594707489014,215.418396,75.37,68.5485240272509
5122,Tunisia,TUN,2019 [YR2019],23.7714034054098,76.4358972708548,-0.877084732055664,31.4410896301269,212.60031128,75.599,68.8206382576031
5126,Turkiye,TUR,2002 [YR2002],22.1453932674278,87.1182191442641,-0.803475081920624,25.9334297180176,181.39144897,72.605,60.7385342729423
5127,Turkiye,TUR,2003 [YR2003],21.8495187095391,88.1355066720372,-0.766690611839294,29.7210502624512,232.5562439,72.906,61.5845060653258
5128,Turkiye,TUR,2004 [YR2004],21.6016300247851,89.1241466678794,-0.833764553070068,30.7662506103516,292.65307617,73.223,62.4388481173262
5129,Turkiye,TUR,2005 [YR2005],21.4976780541033,90.0816717123813,-0.601551175117493,33.2225189208984,357.40197754,73.51,63.3302470273874
5130,Turkiye,TUR,2006 [YR2006],21.8239657844295,91.0117186180372,-0.590213000774384,37.3102416992188,409.25881958,73.804,64.2873893939536
5131,Turkiye,TUR,2007 [YR2007],22.6020633334284,91.1582344763068,-0.819362878799438,39.3874015808105,504.37646484,74.129,65.3389618154687
5132,Turkiye,TUR,2008 [YR2008],23.5308222381306,92.3192677000637,-0.823874354362488,40.7729606628418,561.73529053,74.38,66.513650890377
5133,Turkiye,TUR,2009 [YR2009],24.3090940355664,93.6023881605447,-1.03079056739807,46.9404602050781,492.30032349,74.679,67.8401432171223
5134,Turkiye,TUR,2010 [YR2010],24.6357302627663,95.0354715902447,-0.915285527706146,56.7506217956543,531.82861328,74.964,69.3471253941487
5135,Turkiye,TUR,2011 [YR2011],23.7473685846179,96.4406649948677,-0.959997057914734,61.516300201416,525.89105225,74.823,71.0028723528334
5136,Turkiye,TUR,2012 [YR2012],23.2440162263121,97.6778802801346,-1.22053194046021,70.1044998168945,520.44274902,75.552,73.7788680234324
5137,Turkiye,TUR,2013 [YR2013],23.5023978223691,98.9405610488157,-1.24993252754211,79.6469573974609,547.95465088,76.171,78.5218368384696
5138,Turkiye,TUR,2014 [YR2014],23.4874858374985,100.284401595572,-1.08603596687317,86.9976806640625,520.40753174,76.452,83.6024850744433
5139,Turkiye,TUR,2015 [YR2015],24.5603763797256,101.631276067721,-1.49530971050262,95.5645065307617,444.70803833,76.539,87.2167107972537
5140,Turkiye,TUR,2016 [YR2016],23.83379270795,103.007889505347,-2.00721478462219,103.71558380127,456.3659668,76.595,88.1020958581776
5141,Turkiye,TUR,2017 [YR2017],22.1031402126985,104.352348531112,-1.78637635707855,110.534072875977,432.13754272,77.037,88.0320472717286
5142,Turkiye,TUR,2018 [YR2018],22.8252290987339,105.774468250978,-1.31519985198975,115.462463378906,380.27835083,77.454,88.1655749576173
5143,Turkiye,TUR,2019 [YR2019],23.6946115800374,107.297584553617,-1.37818169593811,117.005470275879,388.67486572,77.737,88.6618152857124
5159,Turkmenistan,TKM,2014 [YR2014],25.0725134160111,12.9280594982231,0.0742060318589211,7.00093637977294,393.86843872,69.001,46.9954085410955
5164,Turkmenistan,TKM,2019 [YR2019],20.2530348899106,14.4786329878918,-0.178114116191864,11.0507708201956,432.78118896,69.405,47.0494562466485
5208,Uganda,UGA,2000 [YR2000],33.2213088306491,120.11485911616,-1.24837958812714,2.61231994628906,16.42591858,49.64,11.6414758125187
5210,Uganda,UGA,2002 [YR2002],32.364309878136,127.785746459136,-1.41743767261505,3.54375004768372,15.74429226,51.443,12.202793574555
5211,Uganda,UGA,2003 [YR2003],31.6434916524877,131.885911616035,-1.56096339225769,3.77904009819031,14.23364067,52.414,12.5904136719317
5212,Uganda,UGA,2004 [YR2004],31.0392880072388,135.901681597518,-1.3047730922699,3.65948009490967,18.60707474,53.699,13.1221118400615
5214,Uganda,UGA,2006 [YR2006],30.8486426919378,144.106916570742,-1.14034521579742,3.56147003173828,31.60310555,56.118,14.5851520274647
5216,Uganda,UGA,2008 [YR2008],31.3844233698563,152.842965817527,-0.875740170478821,3.80542993545532,40.04308701,58.253,16.5070641943955
5217,Uganda,UGA,2009 [YR2009],31.8724312239187,157.405290025524,-0.991805791854858,4.19193983078003,44.3670578,59.157,17.6123523369348
5218,Uganda,UGA,2010 [YR2010],32.517551165181,161.534021543986,-1.00055825710297,3.9166100025177,51.88574982,59.959,18.7990645544572
5219,Uganda,UGA,2011 [YR2011],35.0271400705232,166.340230400958,-0.976101815700531,4.37658023834229,55.2076683,60.791,20.0561028736631
5220,Uganda,UGA,2012 [YR2012],35.8905665839316,171.241960901656,-0.868966519832611,3.74987006187439,55.03918457,61.579,21.372369321253
5222,Uganda,UGA,2014 [YR2014],34.111616669843,181.505779972073,-0.9411261677742,4.61899995803833,50.957798,63.057,24.1938503391826
5229,Ukraine,UKR,2000 [YR2000],27.5510971970295,85.5383792180892,-0.409486442804337,50.5071182250977,34.62232971,67.786,67.403857296906
5231,Ukraine,UKR,2002 [YR2002],25.3241057950972,84.0219577450202,-0.293485134840012,56.645679473877,52.11910248,67.699,67.2672733350904
5232,Ukraine,UKR,2003 [YR2003],24.0171509271002,83.3968584941485,-0.363617956638336,60.2553215026855,67.87039948,67.638,67.419679868405
5233,Ukraine,UKR,2004 [YR2004],22.8365079328052,82.81752856699,-0.471536189317703,63.4407501220703,83.23918915,67.472,67.5970968423685
5234,Ukraine,UKR,2005 [YR2005],21.9736403010041,82.131858193241,-0.28536656498909,66.8898620605469,114.63265228,67.517,67.8136046317755
5235,Ukraine,UKR,2006 [YR2006],21.3769053568138,81.6050365921016,-0.0368776172399521,71.939811706543,146.27377319,67.49,68.0293347798948
5236,Ukraine,UKR,2007 [YR2007],20.8611112156249,81.236597448777,0.172825917601585,76.2627563476562,183.18217468,67.715,68.2102322372037
5237,Ukraine,UKR,2008 [YR2008],20.4173975516395,80.8174670303114,0.0425143949687481,79.7325210571289,212.75292969,68.262,68.3752085755346
5238,Ukraine,UKR,2009 [YR2009],20.0369040390596,80.480099081682,-0.302319407463074,82.4992523193359,165.98542786,69.159,68.5251442249547
5239,Ukraine,UKR,2010 [YR2010],19.7107703520874,80.190573430919,0.0131317190825939,81.9082510858655,199.49559021,70.188,68.637397133357
5240,Ukraine,UKR,2011 [YR2011],19.4406675178444,79.9348425740523,-0.0704314634203911,84.7981059629784,240.17747498,70.711,68.7234299826222
5241,Ukraine,UKR,2012 [YR2012],18.6766503847272,79.7660291376096,-0.0922749042510986,83.8798999891598,270.76205444,71.09,68.8241983107739
5242,Ukraine,UKR,2013 [YR2013],18.8833614430176,79.6222640336947,-0.777284979820251,81.5320112568844,275.94143677,71.474,68.9326288082226
5243,Ukraine,UKR,2014 [YR2014],18.4263235330655,79.3598715669181,-2.02083349227905,83.7842174613245,208.94400024,71.803,69.0554339301313
5244,Ukraine,UKR,2015 [YR2015],17.7919818389331,79.0362271055948,-1.95953238010406,76.8646556476929,154.75454712,72.686,69.1587317201337
5245,Ukraine,UKR,2016 [YR2016],16.2426825956045,78.7461064406429,-1.8533319234848,77.0398374695438,154.5546875,73.389,69.2102241609089
5246,Ukraine,UKR,2017 [YR2017],15.6585428515819,78.432661833247,-1.86741781234741,80.1990246943391,183.69506836,73.993,69.2633108489282
5247,Ukraine,UKR,2018 [YR2018],17.1041368062157,78.0271090783569,-1.87217938899994,81.4946716210446,217.73760986,73.569,69.3157992777909
5248,Ukraine,UKR,2019 [YR2019],15.5795007311465,77.5931273731446,-1.42837619781494,84.48135621115,242.81388855,73.92,69.3527648708735
5268,United Arab Emirates,ARE,2018 [YR2018],45.9879061419392,131.606603773585,0.689255595207214,53.2113281680102,1872.58422852,82.449,84.8601805824625
5269,United Arab Emirates,ARE,2019 [YR2019],41.955626323257,133.001760067587,0.667538404464722,53.8814655213653,1962.46728516,82.596,85.0298263388195
5271,United Kingdom,GBR,2000 [YR2000],16.1050537226586,243.427908899268,1.03310573101044,57.365119934082,2027.64416504,77.7414634146342,79.8241408315172
5273,United Kingdom,GBR,2002 [YR2002],15.5139600251641,245.40354234696,0.672591328620911,61.128231048584,2374.82177734,78.1439024390244,80.1146062677742
5274,United Kingdom,GBR,2003 [YR2003],15.1808631587997,246.548906708552,0.27125072479248,61.4559783935547,2789.35131836,78.4463414634146,80.2331593332802
5275,United Kingdom,GBR,2004 [YR2004],14.8318116539182,247.955627660894,0.140847533941269,59.4526481628418,3377.11694336,78.7463414634146,80.3423284929998
5276,United Kingdom,GBR,2005 [YR2005],14.4736145404402,249.663977183483,0.124187760055065,59.2745018005371,3547.28979492,79.0487804878049,80.4455938127627
5277,United Kingdom,GBR,2006 [YR2006],14.0333652646937,251.50589013351,0.667080104351044,59.190731048584,3817.99072266,79.2487804878049,80.5464353583991
5278,United Kingdom,GBR,2007 [YR2007],13.5048788789412,253.471925763651,0.574654936790466,58.8450889587402,4431.63769531,79.4487804878049,80.6483331957387
5279,United Kingdom,GBR,2008 [YR2008],12.9950468220049,255.474703426611,0.492879867553711,57.430980682373,4301.41552734,79.6,80.7547673906116
5280,United Kingdom,GBR,2009 [YR2009],12.6107605327068,257.414417393461,0.121949501335621,59.1011390686035,3829.68286133,80.0512195121951,80.8692180088478
5281,United Kingdom,GBR,2010 [YR2010],12.4589114498692,259.440189310958,0.411818206310272,59.8467292785645,3892.38012695,80.4024390243902,80.995165116277
5282,United Kingdom,GBR,2011 [YR2011],13.0110598336171,261.475674781962,0.351707607507706,59.3426704406738,4140.36230469,80.9512195121951,81.1359685592627
5283,United Kingdom,GBR,2012 [YR2012],11.4844614132453,263.344769148101,0.40227073431015,59.1681709289551,4217.24755859,80.9048780487805,81.2905667759508
5284,United Kingdom,GBR,2013 [YR2013],11.3936196663408,265.113875914521,0.48620143532753,56.8150482177734,4348.28662109,81.0048780487805,81.4573768694887
5285,United Kingdom,GBR,2014 [YR2014],10.8076454562065,267.102054313231,0.415347635746002,56.5670890808105,4716.30224609,81.3048780487805,81.6355750750722
5286,United Kingdom,GBR,2015 [YR2015],10.4602728529493,269.036498160625,0.503706395626068,56.4859008789062,4440.73828125,80.9560975609756,81.8243772295647
5287,United Kingdom,GBR,2016 [YR2016],10.0359721133567,271.18174678626,0.347932636737823,58.110481262207,4016.63916016,81.1560975609756,82.0229991698295
5288,United Kingdom,GBR,2017 [YR2017],10.3814201449701,272.665647088001,0.380680292844772,59.6335182189941,3907.82226563,81.2560975609756,82.23065673273
5289,United Kingdom,GBR,2018 [YR2018],10.2397854923418,274.000744016864,0.0770855620503426,61.1251182556152,4219.48632813,81.2560975609756,82.4465657551295
5290,United Kingdom,GBR,2019 [YR2019],9.94569869317993,275.414376059191,0.526694297790527,65.4840774536133,4258.63476563,81.3691219512195,82.6699420738913
5297,United States,USA,2005 [YR2005],11.7498844838268,32.2548765979183,-0.0605432577431202,80.6348266601562,6428.60205078,77.4878048780488,80.1961581748464
5305,United States,USA,2013 [YR2013],8.74620817680451,34.6246572257533,0.643072605133057,88.7264175415039,8411.42871094,78.7414634146342,80.660889281215
5306,United States,USA,2014 [YR2014],8.5101265108009,34.9013776562134,0.582419633865356,88.6268692016602,8796.18261719,78.8414634146341,80.6242231779766
5307,United States,USA,2015 [YR2015],8.19074183499752,35.1809713558577,0.662890195846558,88.8894119262695,9200.85839844,78.690243902439,80.5707989535091
5308,United States,USA,2016 [YR2016],7.40835009300858,35.4584505795077,0.385635316371918,88.8350524902344,9536.20605469,78.5390243902439,80.4976645324131
5309,United States,USA,2017 [YR2017],7.79040584360488,35.7049975840182,0.262138307094574,88.1673889160156,9822.37890625,78.5390243902439,80.4018678392891
5310,United States,USA,2018 [YR2018],7.8220065111125,35.9149986553586,0.38623908162117,88.2991790771484,10182.25585938,78.6390243902439,80.2804567987377
5311,United States,USA,2019 [YR2019],7.17602147949022,36.1004771837305,0.118298575282097,87.8887100219727,10546.01367188,78.7878048780488,80.1304793353594
5334,Uruguay,URY,2000 [YR2000],12.9448464771497,18.6619014969718,0.929349541664124,33.8414497375488,699.20495605,74.693,91.2769768173566
5336,Uruguay,URY,2002 [YR2002],12.4965101043769,18.734241800937,0.838327348232269,39.5832290649414,436.44049072,74.979,91.4886084712534
5337,Uruguay,URY,2003 [YR2003],12.1726329405196,18.7474917152325,0.711256563663483,41.7629699707031,383.55554199,75.086,91.6260094228609
5338,Uruguay,URY,2004 [YR2004],11.8339749911707,18.7587018626443,0.590961158275604,42.7656097412109,375.93881226,75.319,91.8009434091917
5339,Uruguay,URY,2005 [YR2005],11.5193051559469,18.773688721289,0.777662575244904,44.3836708068848,445.28201294,75.829,92.0812710048572
5340,Uruguay,URY,2006 [YR2006],11.1823625429671,18.7950291395269,0.898599565029144,45.3399810791016,500.65515137,75.888,92.4845482788191
5341,Uruguay,URY,2007 [YR2007],10.7966309010516,18.8272940235402,0.835530936717987,50.3921318054199,578.34454346,76.15,92.9603688038713
5342,Uruguay,URY,2008 [YR2008],10.4304960908687,18.8674265798194,0.845082819461823,51.0627593994141,811.7020874,76.275,93.45975578621
5343,Uruguay,URY,2009 [YR2009],10.1523439730869,18.9126442692264,0.789260983467102,50.9438095092773,826.05682373,76.67,93.9337324320314
5344,Uruguay,URY,2010 [YR2010],10.0305604083746,18.9611472974517,0.824986040592194,51.8884303512712,1043.26000977,76.691,94.3333219475319
5345,Uruguay,URY,2011 [YR2011],10.0509517421341,19.0082561992915,0.957096934318542,52.5558159999377,1244.93884277,76.614,94.6036824756941
5346,Uruguay,URY,2012 [YR2012],9.71687395840984,19.0572563135642,0.709167778491974,54.7069093768187,1347.02868652,76.691,94.7606597546186
5347,Uruguay,URY,2013 [YR2013],10.8314475554018,19.1140269683465,0.804738223552704,59.9512588300598,1516.80664063,76.953,94.8844735142936
5348,Uruguay,URY,2014 [YR2014],10.4423977068601,19.1768597874529,0.99187958240509,59.826704311423,1495.59777832,77.194,94.9897821210514
5349,Uruguay,URY,2015 [YR2015],10.4692129562066,19.2436121586104,0.994889318943024,57.7897211461691,1424.8939209,77.285,95.0800002298303
5350,Uruguay,URY,2016 [YR2016],10.2628739093634,19.3079819449206,1.04852175712585,59.6462945758069,1469.38964844,77.351,95.1585424955685
5351,Uruguay,URY,2017 [YR2017],10.0613622046924,19.3602902525426,1.04009222984314,59.7518904286933,1672.3314209,77.618,95.2288235732042
5352,Uruguay,URY,2018 [YR2018],10.1340724978496,19.3951205576506,1.02414608001709,60.2781342968002,1713.26611328,77.527,95.2942581176758
5353,Uruguay,URY,2019 [YR2019],10.298591147894,19.4103873842989,1.02829706668854,61.9644279466795,1692.50195313,77.503,95.3479309082031
5355,Uzbekistan,UZB,2000 [YR2000],30.7136220978205,56.8556053811659,-1.30195045471191,13.0081100463867,35.72119904,65.456,47.6731005044
5357,Uzbekistan,UZB,2002 [YR2002],29.5059349848837,58.2687291671924,-1.0568835735321,13.7379999160767,24.50708961,66.376,49.2574592650723
5358,Uzbekistan,UZB,2003 [YR2003],28.9396310320505,58.9874184689718,-1.29919517040253,13.8350601196289,25.61911011,66.852,49.9566881481443
5359,Uzbekistan,UZB,2004 [YR2004],28.5416720486497,59.7204791523748,-1.45551669597626,13.8527898788452,28.02430153,67.203,50.5696510233382
5360,Uzbekistan,UZB,2005 [YR2005],28.4195469599384,60.4727210570633,-1.95789563655853,9.84444999694824,32.51261139,67.481,51.0781236333777
5361,Uzbekistan,UZB,2006 [YR2006],28.6354538088517,61.2574119536538,-1.78465950489044,9.96053028106689,37.97257233,67.905,51.4638817209862
5362,Uzbekistan,UZB,2007 [YR2007],29.2177411456159,62.1032147968733,-1.36203336715698,9.83143043518066,46.89629364,68.483,51.7087010288873
5363,Uzbekistan,UZB,2008 [YR2008],30.2231236564234,63.0661816146635,-1.20710647106171,9.89933967590332,61.29156876,69.035,51.7943572998047
5364,Uzbekistan,UZB,2009 [YR2009],31.7083160274671,64.0891121586439,-0.950552523136139,9.8161096572876,71.95819092,69.517,51.6105041503906
5365,Uzbekistan,UZB,2010 [YR2010],33.7300329449397,65.1205023262643,-0.720438122749329,8.85653237012253,92.87456512,69.836,51.3321647644043
5366,Uzbekistan,UZB,2011 [YR2011],44.1982936152516,66.1372206631804,-0.599719345569611,8.58497947573208,109.86156464,70.143,51.3395500183105
5367,Uzbekistan,UZB,2012 [YR2012],43.9047519110738,67.1452569986232,-0.518739342689514,7.84954008903504,127.94210052,70.411,51.3359680175781
5368,Uzbekistan,UZB,2013 [YR2013],42.947720361075,68.207469669955,-0.536078989505768,7.97676963416095,140.71011353,70.692,51.1276969909668
5369,Uzbekistan,UZB,2014 [YR2014],39.4888403264479,69.3523563008704,-0.273108631372452,7.99231869405469,118.44307709,70.973,50.8868713378906
5370,Uzbekistan,UZB,2015 [YR2015],37.8356286365777,69.7897094870631,-0.374532461166382,8.05320814639575,132.60565186,71.33,50.6597328186035
5371,Uzbekistan,UZB,2016 [YR2016],37.5481850195136,71.0059170523229,-0.280753701925278,8.33958377998093,129.82177734,71.58,50.6572189331055
5372,Uzbekistan,UZB,2017 [YR2017],35.2121570323591,72.2198017195203,-0.244978666305542,8.64750307019382,93.4151535,71.737,50.6787376403809
5373,Uzbekistan,UZB,2018 [YR2018],34.8354317604587,73.4780871882284,-0.304401099681854,9.95855522351711,82.53038788,71.999,50.5814971923828
5374,Uzbekistan,UZB,2019 [YR2019],34.1331992575325,74.8253929702307,-0.296637773513794,13.0316667432446,98.6240387,72.093,50.5920104980469
5376,Vanuatu,VUT,2000 [YR2000],15.0607600250161,15.2814602132896,1.22359979152679,4.54419994354248,48.28763199,68.586,21.6572490599483
5378,Vanuatu,VUT,2002 [YR2002],14.665320193617,16.0675143560295,1.16340851783752,5.41701984405518,52.34658813,68.836,22.2011458912344
5379,Vanuatu,VUT,2003 [YR2003],14.335593351469,16.4680885972108,0.764638483524323,4.86402988433838,54.93638229,68.933,22.4641372404641
5380,Vanuatu,VUT,2004 [YR2004],14.0597183922026,16.8753896636587,0.624410927295685,4.87792015075684,62.80937958,68.985,22.7291073078871
5418,Viet Nam,VNM,2000 [YR2000],27.2332642563715,248.035784093101,0.408773571252823,9.24740982055664,21.0719223,72.746,24.3672526919772
5420,Viet Nam,VNM,2002 [YR2002],27.3729160568005,253.6539172436,0.353681147098541,9.55722999572754,21.87733841,73.138,25.5540925665659
5421,Viet Nam,VNM,2003 [YR2003],27.4669078615838,256.599403360531,0.126424372196198,9.91792964935303,24.88381386,73.236,26.1745407830283
5423,Viet Nam,VNM,2005 [YR2005],27.3645140387577,259.203077001761,0.484037667512894,15.8760204315185,38.96974945,73.198,27.4285898187702
5424,Viet Nam,VNM,2006 [YR2006],27.0007597054278,262.689291708627,0.405120253562927,16.8052501678467,46.86905289,73.293,28.0458290558422
5425,Viet Nam,VNM,2007 [YR2007],26.3605983485498,267.577137683246,0.251871973276138,18.9504508972168,54.40701294,73.385,28.6456370509099
5426,Viet Nam,VNM,2008 [YR2008],25.4734887212418,272.308076932914,0.165260821580887,20.0552005767822,64.433815,73.455,29.2198330128693
5427,Viet Nam,VNM,2009 [YR2009],24.3688895766214,276.440290060813,0.271775960922241,21.5007190704346,69.82720184,73.525,29.7581347355675
5428,Viet Nam,VNM,2010 [YR2010],23.0762596678067,279.147229120251,0.148407876491547,23.9250975429329,85.36088562,73.611,30.2504027258526
5429,Viet Nam,VNM,2011 [YR2011],20.4905765848944,282.390144405715,0.189088448882103,25.8674734818525,97.05238342,73.713,30.6996041680996
5430,Viet Nam,VNM,2012 [YR2012],21.5116439458873,285.558644407367,0.267358660697937,25.7487091222031,109.29483795,73.762,31.1222779403029
5431,Viet Nam,VNM,2013 [YR2013],23.2274925075316,289.364162813695,0.25057727098465,25.6249412769592,104.10972595,73.821,31.5334201724543
5432,Viet Nam,VNM,2014 [YR2014],20.4035064934273,292.559228518274,-0.0223473571240902,31.3306389293887,119.44549561,73.886,31.9480269945454
5433,Viet Nam,VNM,2015 [YR2015],19.377014054477,296.1974772084,0.0638082250952721,29.7250797402999,121.43981171,73.955,32.3810945365679
5434,Viet Nam,VNM,2016 [YR2016],20.3304456216218,299.948999160782,0.226832523941994,29.0811980839409,133.1960144,73.984,32.8476189285136
5435,Viet Nam,VNM,2017 [YR2017],18.5797797556674,303.688787280275,0.211102172732353,25.9526307046456,147.51425171,74.026,33.3625963003742
5437,Viet Nam,VNM,2019 [YR2019],20.8317868906878,310.034412897339,0.0399874038994312,30.2241191864014,171.15296936,74.211,34.6239134999511
5460,West Bank and Gaza,PSE,2000 [YR2000],26.132738052948,485.407475083056,-1.57441258430481,23.624870300293,129.54533386,70.298,72.0694328572656
5462,West Bank and Gaza,PSE,2002 [YR2002],26.5135715932111,510.859302325581,-1.74340748786926,27.5037307739258,118.22906494,70.88,75.4978748965208
5463,West Bank and Gaza,PSE,2003 [YR2003],26.9126428548588,524.08122923588,-1.26578211784363,31.2601299285889,111.62216187,70.967,77.2865026687292
5464,West Bank and Gaza,PSE,2004 [YR2004],27.3825252664549,537.645514950166,-1.16626405715942,35.1719093322754,150.72610474,71.094,78.9926422349822
5465,West Bank and Gaza,PSE,2005 [YR2005],27.8719999447027,551.560797342193,-1.54093611240387,38.400749206543,158.43028259,72.004,80.5172240645229
5466,West Bank and Gaza,PSE,2006 [YR2006],28.6014840570339,565.836212624585,-1.7702112197876,40.1437492370605,154.09745789,71.831,81.7611786265942
5467,West Bank and Gaza,PSE,2007 [YR2007],29.6437050910709,580.481063122924,-1.87161386013031,43.544979095459,149.22294617,72.064,82.596126313073
5468,West Bank and Gaza,PSE,2008 [YR2008],30.7259096438031,596.673920265781,-1.99042999744415,44.7015686035156,200.96418762,72.204,83.0979098899913
5469,West Bank and Gaza,PSE,2009 [YR2009],31.5753443122198,612.807142857143,-2.04333114624023,43.4091491699219,221.97026062,72.306,83.5050344815957
5470,West Bank and Gaza,PSE,2010 [YR2010],31.9192556933104,628.930398671096,-1.97357547283173,45.0943742403046,219.44699097,73.302,83.8853491139676
5471,West Bank and Gaza,PSE,2011 [YR2011],28.606630623344,645.014285714286,-1.93561995029449,47.5094364758648,308.36453247,73.557,84.2340950604341
5472,West Bank and Gaza,PSE,2012 [YR2012],27.2379610304191,661.129235880399,-1.95603215694427,47.0416991089195,298.34082031,73.722,84.5465135943222
5473,West Bank and Gaza,PSE,2013 [YR2013],31.1625763830924,677.194019933555,-1.77882349491119,45.2354836861858,327.25717163,74.14,84.8178459889593
5474,West Bank and Gaza,PSE,2014 [YR2014],29.2886843311089,693.255481727575,-1.98501086235046,44.8451220304662,314.27474976,72.781,85.0433335176723
5475,West Bank and Gaza,PSE,2015 [YR2015],30.4615510423627,709.317607973422,-2.1540961265564,46.0871831764203,286.91394043,74.577,85.2182174537886
5476,West Bank and Gaza,PSE,2016 [YR2016],26.5563697979811,725.429900332226,-1.97087836265564,45.3924907557838,299.4125061,74.917,85.3377390706351
5477,West Bank and Gaza,PSE,2017 [YR2017],26.6750824440453,740.000830564784,-1.65064632892609,45.5044081379083,310.2114563,75.216,85.3782255354
5478,West Bank and Gaza,PSE,2018 [YR2018],29.1340212387581,758.984551495017,-1.80487740039825,46.4852162059319,324.02166748,75.38,85.5351131070872
5479,West Bank and Gaza,PSE,2019 [YR2019],29.6822493738623,778.290033222591,-1.88942885398865,45.6330464687168,317.45007324,75.811,85.8136174183656
5504,"Yemen, Rep.",YEM,2002 [YR2002],42.704211331557,39.4626323465348,-1.30688047409058,9.18375968933105,24.80142403,63.807,27.5777619268614
5505,"Yemen, Rep.",YEM,2003 [YR2003],40.802103639537,40.6393904956721,-1.48176205158234,8.78116989135742,31.60428619,64.407,28.0277061455611
5506,"Yemen, Rep.",YEM,2004 [YR2004],39.2080167665797,41.8492849972536,-1.55118668079376,8.35861015319824,34.62483978,64.881,28.4506523754813
5507,"Yemen, Rep.",YEM,2005 [YR2005],38.5380324880719,43.1654923575203,-1.43667340278625,8.33720016479492,38.27000809,65.356,28.8523786558834
5508,"Yemen, Rep.",YEM,2006 [YR2006],38.5534753528139,44.5917059681421,-1.34531164169312,8.00743007659912,44.81512451,65.8,29.2379493450977
5509,"Yemen, Rep.",YEM,2007 [YR2007],38.6126208228261,46.0595905070364,-1.59425187110901,9.04864025115967,51.83703613,66.23,29.6091538946366
5510,"Yemen, Rep.",YEM,2008 [YR2008],38.7269770433258,47.5631967725439,-2.01279425621033,9.20860004425049,61.74676514,66.609,29.9646637170333
5511,"Yemen, Rep.",YEM,2009 [YR2009],38.9080521595302,49.1083281247041,-2.32902073860168,9.69779014587402,58.02085114,66.905,30.3031502248211
5512,"Yemen, Rep.",YEM,2010 [YR2010],39.1673543166565,50.6740667083357,-2.4237163066864,9.26154041290283,59.60072327,67.223,30.6232848305331
5513,"Yemen, Rep.",YEM,2011 [YR2011],43.2315095806882,52.2433035967953,-2.42679643630981,8.80690002441406,56.58930588,67.412,30.9237389467026
5534,Zambia,ZMB,2011 [YR2011],26.565488543498,19.4215633785765,0.509773790836334,3.99062158481189,64.3181076,57.843,40.3684491825881
5535,Zambia,ZMB,2012 [YR2012],26.8710302496189,20.0616486635548,0.660962522029877,3.96159738763825,69.17604828,58.704,40.7698556821596
5554,Zimbabwe,ZWE,2010 [YR2010],21.4862213773936,34.5264262634096,-1.10401391983032,6.9457720142893,94.44809723,51.925,32.7284525810054
5555,Zimbabwe,ZWE,2011 [YR2011],23.6162829422719,35.1439162466072,-0.945328533649445,7.111226643716,83.82868195,53.911,32.7567295776968
5556,Zimbabwe,ZWE,2012 [YR2012],23.5395278505031,35.7189789324027,-0.778662025928497,7.12874147164551,85.69155121,55.386,32.7931752128328
5557,Zimbabwe,ZWE,2013 [YR2013],22.5984006943159,36.2254310456249,-0.665949761867523,7.31873655658947,96.86148834,56.842,32.9019343169941
5559,Zimbabwe,ZWE,2015 [YR2015],23.1038790684558,37.2211787514541,-0.619207262992859,11.0489020370076,103.31652832,58.989,33.5612641766874
